user_id,movie_id,rating
1,1,3
1,3,5
1,4,4
1,5,3
1,6,3
1,7,3
1,9,3
1,10,2
1,11,4
1,12,4
1,13,1
1,15,5
1,16,4
1,18,4
1,20,1
1,22,4
1,24,5
1,25,3
1,26,5
1,27,5
1,28,4
1,30,4
1,31,2
1,32,3
1,34,4
1,35,5
1,36,4
1,37,4
1,39,3
1,42,4
1,43,5
1,44,4
1,45,5
1,46,3
1,47,2
1,48,5
1,49,4
1,50,5
1,51,3
1,52,3
1,53,2
1,55,4
1,56,4
1,57,5
1,58,4
1,60,4
1,61,4
1,62,4
1,63,5
1,64,4
1,65,4
1,66,2
1,67,4
1,68,4
1,70,4
1,73,2
1,74,2
1,75,2
1,76,4
1,77,2
1,78,3
1,79,5
1,80,4
1,82,3
1,83,4
1,84,2
1,85,4
1,86,3
1,87,4
1,88,3
1,90,4
1,94,4
1,95,3
1,96,3
1,97,4
1,98,5
1,100,1
2,1,3
2,2,4
2,3,5
2,5,5
2,8,4
2,9,2
2,10,4
2,11,4
2,12,3
2,14,2
2,16,4
2,17,4
2,18,4
2,19,5
2,20,4
2,21,5
2,22,2
2,23,1
2,25,4
2,27,3
2,28,3
2,29,4
2,30,1
2,31,3
2,35,4
2,36,4
2,37,5
2,40,3
2,41,5
2,45,4
2,49,4
2,50,4
2,51,3
2,52,3
2,53,4
2,54,3
2,55,4
2,56,3
2,57,5
2,58,5
2,59,2
2,60,1
2,61,3
2,62,2
2,63,3
2,65,5
2,66,3
2,68,4
2,69,3
2,73,4
2,75,4
2,76,4
2,77,5
2,78,3
2,79,4
2,80,3
2,82,4
2,83,2
2,84,5
2,85,4
2,86,4
2,87,3
2,88,2
2,89,5
2,90,4
2,91,5
2,92,4
2,93,1
2,94,5
2,97,2
2,99,4
2,100,3
3,1,3
3,2,1
3,3,4
3,4,3
3,5,3
3,6,5
3,7,3
3,8,4
3,9,3
3,10,3
3,13,3
3,14,4
3,15,3
3,16,4
3,20,5
3,23,4
3,25,4
3,26,4
3,27,5
3,28,4
3,29,1
3,30,4
3,31,4
3,32,4
3,33,5
3,34,4
3,35,3
3,36,5
3,38,4
3,39,4
3,40,5
3,41,4
3,42,3
3,43,2
3,44,3
3,45,2
3,46,2
3,47,4
3,48,4
3,49,5
3,50,3
3,51,4
3,52,4
3,53,3
3,54,4
3,55,3
3,57,2
3,58,2
3,59,2
3,61,4
3,63,3
3,64,4
3,65,5
3,66,4
3,68,3
3,69,3
3,70,5
3,71,2
3,74,3
3,75,3
3,76,5
3,77,4
3,78,5
3,79,5
3,80,2
3,81,5
3,82,4
3,84,4
3,87,3
3,88,4
3,89,1
3,90,5
3,91,3
3,93,4
3,94,4
3,95,3
3,96,4
3,99,4
3,100,4
4,1,1
4,2,3
4,3,3
4,5,3
4,6,5
4,7,3
4,8,3
4,10,5
4,11,3
4,12,1
4,13,3
4,16,2
4,17,4
4,18,2
4,20,4
4,22,4
4,23,3
4,26,4
4,27,3
4,29,4
4,30,4
4,32,2
4,34,5
4,35,5
4,37,3
4,39,5
4,40,5
4,43,5
4,44,4
4,46,4
4,47,3
4,48,4
4,49,3
4,50,5
4,52,2
4,53,4
4,54,4
4,55,5
4,57,2
4,59,4
4,60,3
4,61,3
4,62,2
4,63,3
4,64,3
4,65,1
4,66,1
4,67,1
4,68,5
4,69,1
4,70,2
4,71,5
4,72,3
4,73,5
4,74,4
4,75,1
4,77,4
4,78,2
4,79,3
4,80,3
4,81,5
4,84,5
4,85,4
4,86,3
4,87,2
4,88,5
4,89,5
4,90,5
4,91,3
4,92,4
4,93,5
4,94,4
4,95,5
4,96,4
4,98,1
4,99,4
4,100,5
5,1,2
5,2,4
5,3,4
5,4,4
5,7,4
5,9,4
5,11,4
5,13,3
5,14,3
5,15,3
5,16,4
5,17,4
5,18,3
5,21,5
5,22,3
5,23,5
5,24,5
5,25,2
5,26,4
5,27,1
5,28,5
5,29,5
5,33,4
5,34,2
5,35,3
5,36,4
5,39,3
5,40,4
5,41,3
5,43,4
5,44,3
5,45,3
5,46,5
5,47,5
5,48,3
5,49,3
5,50,1
5,51,2
5,53,4
5,54,4
5,57,4
5,58,5
5,59,4
5,60,4
5,61,4
5,62,2
5,63,5
5,65,3
5,66,3
5,67,5
5,68,4
5,69,3
5,72,3
5,74,4
5,75,4
5,77,3
5,78,5
5,79,5
5,80,4
5,81,3
5,82,3
5,83,3
5,84,3
5,86,4
5,87,5
5,88,5
5,89,4
5,90,1
5,91,4
5,92,3
5,93,3
5,94,4
5,96,2
5,97,5
5,98,5
6,1,5
6,2,2
6,3,4
6,6,3
6,7,4
6,8,4
6,9,5
6,10,3
6,11,1
6,12,3
6,13,3
6,14,3
6,15,2
6,16,5
6,17,2
6,18,2
6,19,3
6,21,4
6,22,5
6,23,4
6,24,4
6,25,3
6,27,4
6,29,4
6,30,3
6,31,2
6,32,3
6,33,5
6,34,5
6,35,3
6,36,4
6,38,5
6,40,3
6,41,5
6,42,4
6,43,3
6,44,4
6,45,2
6,46,3
6,47,2
6,49,2
6,50,4
6,51,5
6,52,1
6,53,4
6,54,4
6,55,3
6,56,5
6,57,3
6,58,1
6,59,3
6,60,4
6,62,4
6,63,4
6,64,5
6,65,3
6,66,2
6,67,3
6,68,3
6,69,4
6,70,5
6,72,5
6,73,2
6,74,5
6,76,4
6,77,5
6,78,4
6,79,5
6,82,4
6,83,3
6,84,4
6,85,5
6,86,3
6,87,5
6,88,4
6,90,4
6,91,3
6,93,4
6,94,4
6,95,3
6,96,3
6,98,4
6,100,4
7,2,3
7,3,4
7,4,4
7,5,2
7,6,3
7,7,5
7,8,5
7,9,3
7,10,3
7,12,5
7,13,4
7,14,4
7,15,5
7,16,5
7,17,3
7,18,2
7,21,2
7,22,3
7,24,3
7,25,5
7,26,4
7,27,3
7,28,4
7,29,4
7,31,3
7,32,4
7,33,4
7,34,4
7,35,4
7,36,3
7,37,2
7,38,4
7,39,4
7,40,3
7,42,2
7,43,1
7,44,3
7,45,4
7,47,5
7,48,4
7,49,5
7,50,4
7,51,3
7,52,3
7,53,4
7,54,4
7,55,4
7,56,2
7,58,5
7,59,3
7,61,1
7,62,3
7,63,4
7,64,1
7,65,4
7,66,2
7,68,4
7,69,3
7,72,2
7,74,5
7,75,4
7,77,2
7,79,4
7,80,2
7,81,2
7,83,3
7,84,3
7,85,4
7,86,3
7,87,4
7,88,5
7,91,4
7,92,2
7,93,4
7,94,5
7,95,4
7,96,5
7,97,5
7,99,3
7,100,5
8,2,1
8,3,3
8,5,4
8,6,5
8,7,3
8,8,4
8,9,1
8,10,4
8,12,1
8,13,3
8,14,4
8,15,5
8,16,3
8,17,5
8,18,4
8,20,4
8,21,2
8,23,5
8,24,5
8,26,5
8,27,5
8,28,5
8,30,3
8,31,5
8,32,5
8,35,3
8,36,4
8,37,3
8,38,4
8,40,3
8,41,2
8,42,4
8,43,3
8,44,4
8,45,2
8,46,3
8,47,2
8,48,4
8,49,2
8,50,2
8,52,3
8,53,2
8,54,2
8,55,3
8,56,4
8,57,3
8,58,3
8,59,4
8,60,2
8,61,3
8,64,4
8,65,5
8,67,1
8,70,4
8,71,4
8,73,5
8,74,4
8,76,5
8,77,3
8,78,4
8,79,4
8,81,5
8,82,2
8,83,2
8,85,4
8,87,1
8,88,3
8,89,1
8,90,5
8,91,4
8,92,4
8,93,5
8,94,5
8,96,5
8,97,4
8,99,2
8,100,5
9,1,4
9,3,5
9,4,5
9,6,5
9,7,2
9,8,2
9,9,3
9,10,3
9,13,3
9,16,2
9,17,4
9,18,4
9,19,4
9,20,2
9,22,3
9,23,4
9,24,4
9,27,3
9,28,2
9,29,5
9,30,2
9,31,2
9,32,2
9,33,3
9,35,3
9,36,4
9,37,5
9,38,4
9,39,2
9,40,1
9,41,4
9,42,3
9,43,5
9,44,3
9,45,4
9,46,4
9,47,4
9,48,3
9,49,3
9,52,2
9,53,3
9,54,3
9,55,5
9,56,5
9,57,5
9,58,5
9,59,4
9,60,3
9,61,4
9,62,5
9,63,4
9,65,1
9,66,3
9,69,4
9,70,4
9,73,2
9,76,3
9,77,3
9,78,4
9,79,3
9,80,5
9,81,4
9,82,3
9,83,2
9,84,4
9,85,1
9,86,2
9,87,5
9,88,5
9,90,4
9,91,1
9,92,4
9,93,5
9,94,5
9,95,3
9,96,1
9,97,3
9,98,4
9,100,4
10,1,5
10,2,4
10,3,3
10,4,4
10,5,4
10,6,4
10,7,4
10,9,2
10,11,3
10,12,2
10,13,3
10,15,2
10,16,2
10,17,2
10,18,5
10,19,5
10,20,5
10,22,5
10,24,4
10,25,3
10,26,5
10,27,4
10,30,4
10,32,3
10,33,4
10,34,5
10,38,5
10,39,3
10,40,5
10,41,5
10,42,4
10,43,5
10,44,4
10,45,4
10,46,1
10,47,3
10,49,5
10,50,5
10,51,5
10,52,2
10,53,2
10,54,4
10,56,3
10,57,5
10,58,5
10,59,4
10,60,4
10,61,1
10,62,3
10,64,4
10,65,1
10,66,3
10,68,2
10,70,4
10,71,2
10,72,4
10,73,1
10,74,2
10,75,2
10,76,4
10,77,1
10,79,4
10,81,3
10,82,1
10,84,3
10,85,4
10,87,4
10,90,1
10,94,5
10,96,2
10,97,4
10,98,2
10,99,4
10,100,1
11,1,5
11,2,5
11,3,2
11,5,4
11,6,3
11,8,3
11,9,2
11,10,1
11,11,4
11,12,3
11,14,4
11,15,2
11,16,4
11,17,5
11,18,1
11,20,2
11,21,5
11,22,4
11,25,3
11,26,1
11,28,5
11,29,3
11,30,5
11,31,4
11,32,3
11,33,2
11,34,3
11,35,4
11,36,3
11,37,4
11,38,5
11,39,5
11,40,5
11,41,3
11,43,3
11,44,5
11,45,1
11,46,3
11,47,4
11,48,4
11,49,4
11,51,3
11,52,2
11,55,4
11,56,3
11,57,5
11,58,4
11,60,3
11,61,3
11,62,3
11,63,3
11,64,3
11,65,2
11,67,4
11,68,4
11,69,4
11,70,5
11,71,2
11,72,2
11,73,5
11,74,3
11,75,4
11,76,4
11,77,3
11,79,5
11,80,3
11,81,4
11,82,1
11,83,5
11,84,4
11,85,4
11,86,5
11,88,3
11,89,3
11,90,3
11,91,3
11,92,2
11,93,5
11,94,5
11,97,3
11,98,5
11,99,3
12,2,3
12,3,4
12,4,5
12,6,5
12,7,2
12,8,4
12,9,4
12,10,2
12,12,4
12,13,1
12,14,5
12,15,3
12,16,5
12,18,3
12,19,4
12,20,5
12,21,4
12,22,5
12,23,2
12,24,4
12,26,4
12,29,3
12,30,3
12,31,5
12,32,3
12,34,1
12,35,3
12,36,5
12,37,4
12,38,4
12,39,4
12,40,3
12,43,5
12,44,3
12,45,2
12,46,5
12,47,2
12,48,5
12,49,3
12,50,4
12,51,1
12,52,1
12,53,3
12,54,5
12,55,4
12,56,4
12,57,5
12,58,3
12,60,5
12,61,5
12,63,5
12,64,1
12,65,1
12,66,2
12,67,3
12,68,5
12,69,3
12,70,3
12,71,2
12,72,3
12,73,5
12,74,5
12,76,3
12,77,4
12,78,3
12,82,4
12,83,4
12,85,1
12,87,2
12,88,4
12,89,2
12,92,4
12,99,4
12,100,2
13,1,3
13,2,3
13,3,5
13,5,1
13,7,1
13,8,5
13,9,5
13,10,4
13,11,5
13,12,3
13,13,5
13,14,4
13,16,2
13,18,3
13,19,3
13,20,5
13,22,5
13,23,4
13,24,4
13,25,4
13,26,5
13,27,1
13,28,5
13,30,2
13,31,5
13,33,4
13,34,2
13,35,5
13,36,4
13,38,5
13,40,4
13,42,2
13,43,2
13,44,4
13,45,4
13,46,5
13,47,3
13,50,5
13,51,5
13,53,4
13,54,5
13,55,4
13,56,4
13,57,3
13,59,2
13,60,4
13,61,3
13,62,4
13,64,2
13,65,4
13,67,2
13,68,2
13,69,3
13,70,5
13,72,1
13,74,2
13,75,4
13,76,3
13,78,2
13,79,2
13,80,4
13,82,4
13,83,4
13,84,2
13,86,5
13,88,5
13,89,4
13,90,3
13,91,5
13,93,4
13,95,4
13,96,2
13,97,2
13,98,4
13,99,4
14,1,4
14,2,5
14,3,5
14,4,2
14,6,4
14,7,3
14,9,4
14,10,4
14,11,4
14,12,5
14,13,3
14,14,5
14,16,5
14,18,2
14,20,5
14,21,5
14,23,3
14,24,4
14,25,2
14,26,3
14,27,4
14,28,2
14,30,2
14,31,5
14,32,4
14,34,4
14,35,3
14,36,5
14,37,2
14,38,5
14,39,5
14,40,1
14,42,5
14,43,4
14,44,4
14,47,5
14,49,3
14,50,3
14,51,4
14,52,5
14,53,3
14,54,5
14,57,4
14,58,4
14,59,4
14,60,2
14,61,3
14,63,5
14,65,4
14,66,3
14,67,4
14,69,4
14,72,4
14,73,5
14,74,4
14,75,4
14,76,4
14,77,4
14,78,3
14,80,4
14,81,4
14,82,4
14,84,4
14,85,3
14,87,4
14,89,3
14,90,4
14,92,3
14,94,4
14,95,3
14,96,5
14,97,3
14,99,3
14,100,2
15,1,4
15,2,5
15,3,3
15,4,3
15,5,1
15,8,4
15,9,3
15,10,5
15,11,2
15,12,3
15,14,3
15,15,4
15,16,1
15,17,4
15,18,4
15,19,4
15,20,5
15,21,4
15,22,1
15,23,3
15,24,4
15,25,2
15,27,4
15,28,4
15,31,3
15,32,2
15,33,2
15,34,3
15,35,1
15,37,4
15,39,4
15,41,2
15,42,3
15,44,3
15,46,4
15,48,2
15,49,1
15,50,3
15,51,3
15,52,5
15,53,2
15,56,3
15,58,5
15,59,4
15,60,4
15,61,3
15,64,3
15,65,5
15,66,2
15,67,1
15,69,4
15,70,2
15,72,3
15,74,4
15,78,3
15,79,3
15,80,4
15,81,3
15,82,5
15,83,4
15,85,2
15,86,3
15,88,4
15,89,3
15,90,3
15,91,4
15,92,3
15,93,3
15,94,5
15,95,2
15,96,5
15,97,1
15,99,3
15,100,1
16,1,4
16,2,5
16,3,2
16,6,3
16,8,1
16,9,4
16,11,3
16,12,4
16,13,4
16,14,4
16,15,3
16,16,3
16,18,2
16,19,2
16,20,5
16,22,3
16,23,2
16,24,4
16,27,3
16,28,3
16,29,2
16,30,3
16,31,3
16,32,3
16,33,3
16,34,3
16,36,4
16,37,4
16,38,4
16,39,3
16,40,3
16,41,3
16,42,4
16,43,5
16,44,5
16,45,3
16,46,2
16,47,3
16,48,3
16,50,3
16,51,2
16,53,5
16,54,2
16,55,4
16,58,2
16,61,3
16,62,3
16,63,3
16,65,3
16,66,4
16,68,2
16,70,5
16,71,5
16,72,1
16,73,3
16,74,4
16,75,3
16,77,5
16,78,4
16,79,4
16,80,4
16,81,3
16,82,4
16,83,5
16,84,5
16,85,2
16,87,4
16,88,5
16,89,1
16,90,4
16,91,3
16,92,4
16,94,4
16,95,3
16,96,5
16,97,3
16,98,3
16,99,4
17,3,3
17,4,4
17,5,5
17,8,4
17,9,5
17,12,4
17,13,2
17,14,4
17,15,4
17,16,4
17,17,2
17,19,4
17,20,4
17,21,3
17,22,5
17,23,2
17,24,2
17,25,4
17,26,1
17,27,5
17,29,4
17,30,4
17,31,5
17,32,1
17,33,3
17,34,4
17,35,3
17,36,3
17,37,3
17,38,5
17,39,4
17,40,3
17,41,3
17,42,5
17,45,5
17,46,4
17,48,1
17,50,4
17,51,5
17,52,3
17,53,3
17,54,3
17,55,1
17,56,3
17,57,5
17,58,4
17,59,5
17,60,1
17,61,5
17,62,4
17,63,2
17,64,5
17,65,5
17,66,3
17,68,5
17,72,4
17,73,4
17,74,2
17,76,5
17,77,3
17,78,1
17,79,4
17,80,4
17,81,4
17,83,4
17,84,3
17,85,5
17,86,5
17,87,4
17,88,3
17,90,4
17,91,5
17,92,3
17,94,5
17,95,4
17,97,2
17,99,2
17,100,5
18,3,4
18,5,1
18,6,4
18,7,2
18,8,2
18,9,3
18,12,1
18,13,4
18,15,4
18,16,5
18,17,3
18,18,3
18,19,2
18,20,5
18,22,1
18,23,5
18,24,4
18,25,4
18,28,4
18,29,3
18,30,3
18,31,4
18,32,4
18,33,5
18,34,5
18,35,4
18,36,5
18,37,5
18,38,5
18,39,3
18,40,4
18,42,4
18,43,2
18,44,3
18,45,4
18,46,3
18,47,4
18,48,1
18,49,4
18,52,3
18,55,2
18,56,4
18,57,4
18,58,4
18,59,3
18,60,4
18,63,1
18,64,5
18,65,4
18,67,3
18,68,4
18,69,5
18,70,3
18,72,3
18,73,4
18,74,2
18,75,4
18,76,3
18,78,4
18,79,4
18,80,3
18,81,1
18,85,3
18,86,3
18,88,5
18,89,4
18,93,5
18,94,1
18,96,3
18,97,5
18,98,1
18,99,5
18,100,2
19,1,4
19,2,3
19,3,4
19,5,3
19,7,3
19,9,2
19,10,5
19,12,2
19,13,5
19,15,4
19,16,3
19,17,3
19,20,2
19,21,3
19,22,5
19,24,4
19,25,1
19,26,4
19,28,4
19,29,4
19,30,4
19,32,5
19,33,5
19,35,3
19,36,4
19,38,2
19,39,5
19,40,2
19,41,5
19,42,3
19,43,5
19,45,4
19,46,4
19,47,5
19,48,1
19,49,5
19,52,3
19,53,4
19,54,2
19,55,3
19,56,3
19,57,4
19,58,5
19,59,3
19,61,4
19,62,3
19,63,1
19,64,5
19,65,4
19,66,5
19,67,4
19,71,4
19,74,3
19,76,5
19,77,1
19,78,3
19,80,4
19,81,3
19,82,5
19,84,3
19,85,2
19,86,4
19,87,4
19,89,2
19,90,5
19,91,3
19,92,4
19,93,4
19,94,3
19,95,3
19,97,4
19,98,4
19,99,3
19,100,3
20,1,1
20,3,3
20,4,4
20,5,3
20,6,5
20,7,4
20,8,4
20,9,5
20,12,4
20,13,3
20,14,4
20,15,3
20,16,4
20,17,5
20,18,4
20,21,4
20,23,3
20,24,5
20,25,5
20,27,3
20,28,5
20,29,3
20,30,4
20,32,5
20,33,5
20,34,5
20,35,4
20,37,2
20,38,1
20,39,2
20,41,1
20,42,4
20,43,4
20,45,4
20,46,4
20,47,4
20,48,4
20,49,3
20,50,4
20,52,5
20,53,4
20,54,3
20,56,5
20,58,4
20,59,3
20,60,4
20,61,4
20,62,4
20,64,4
20,66,5
20,67,5
20,69,4
20,73,2
20,78,4
20,79,3
20,80,3
20,82,3
20,83,5
20,84,3
20,85,5
20,86,5
20,87,3
20,88,4
20,90,3
20,91,3
20,93,4
20,95,2
20,96,5
20,98,2
20,99,5
20,100,4
21,2,5
21,3,5
21,4,2
21,5,5
21,6,5
21,8,1
21,10,4
21,11,4
21,12,2
21,13,2
21,14,2
21,15,4
21,16,3
21,17,3
21,18,4
21,19,5
21,20,5
21,21,3
21,23,4
21,25,4
21,27,4
21,28,2
21,29,3
21,31,5
21,32,5
21,34,4
21,35,4
21,36,2
21,40,4
21,42,4
21,43,3
21,44,4
21,45,5
21,46,3
21,47,4
21,51,5
21,53,3
21,54,4
21,56,5
21,57,5
21,58,3
21,59,2
21,61,5
21,64,5
21,65,5
21,66,3
21,70,4
21,72,3
21,73,4
21,74,4
21,75,4
21,76,3
21,77,4
21,78,1
21,79,4
21,80,3
21,81,5
21,82,5
21,83,5
21,84,3
21,85,4
21,86,1
21,87,1
21,88,4
21,89,3
21,90,3
21,91,1
21,92,4
21,93,2
21,94,4
21,95,3
21,96,1
21,100,3
22,1,4
22,4,4
22,6,2
22,9,5
22,10,1
22,11,3
22,12,1
22,14,4
22,15,4
22,16,3
22,17,5
22,18,5
22,19,5
22,20,5
22,21,4
22,22,2
22,24,3
22,25,3
22,28,3
22,29,3
22,31,3
22,34,3
22,37,3
22,38,3
22,39,5
22,42,4
22,43,4
22,44,5
22,45,4
22,47,5
22,48,5
22,49,3
22,51,4
22,53,3
22,54,3
22,55,3
22,57,4
22,58,4
22,59,5
22,60,4
22,61,2
22,63,1
22,64,3
22,65,5
22,66,4
22,67,4
22,68,3
22,69,5
22,70,4
22,71,2
22,74,5
22,75,2
22,77,2
22,78,4
22,79,4
22,81,3
22,82,5
22,83,2
22,84,5
22,85,4
22,86,4
22,87,3
22,88,5
22,89,5
22,90,2
22,91,1
22,92,4
22,95,4
22,97,2
22,99,3
22,100,3
23,5,4
23,6,2
23,7,5
23,8,3
23,10,2
23,12,4
23,13,5
23,14,4
23,15,4
23,16,2
23,18,4
23,21,3
23,22,3
23,24,2
23,25,2
23,29,1
23,31,2
23,32,4
23,33,4
23,34,2
23,35,3
23,36,3
23,39,4
23,40,2
23,41,1
23,44,3
23,45,2
23,47,5
23,48,3
23,49,5
23,51,5
23,52,3
23,53,3
23,54,4
23,55,3
23,56,4
23,57,4
23,59,5
23,60,2
23,61,3
23,62,3
23,64,5
23,65,1
23,66,3
23,69,2
23,71,2
23,72,4
23,73,1
23,75,4
23,76,5
23,77,4
23,78,5
23,79,5
23,80,4
23,82,5
23,83,4
23,85,3
23,86,4
23,88,4
23,89,2
23,90,3
23,91,2
23,92,5
23,93,3
23,94,2
23,97,3
23,98,3
23,99,4
23,100,4
24,1,4
24,3,3
24,4,3
24,5,2
24,6,1
24,7,3
24,8,3
24,9,4
24,10,2
24,11,4
24,12,2
24,15,5
24,16,4
24,17,3
24,19,4
24,22,4
24,23,4
24,24,3
24,25,4
24,26,3
24,27,2
24,28,5
24,30,4
24,32,3
24,34,4
24,37,4
24,38,4
24,39,1
24,40,4
24,41,4
24,47,3
24,48,2
24,49,5
24,50,4
24,52,4
24,54,5
24,55,3
24,57,4
24,58,2
24,59,1
24,60,2
24,61,4
24,62,2
24,63,3
24,64,4
24,65,1
24,66,3
24,68,4
24,69,3
24,70,3
24,76,4
24,77,4
24,79,4
24,80,3
24,82,1
24,83,5
24,84,4
24,85,5
24,86,5
24,87,5
24,88,5
24,89,4
24,90,3
24,91,5
24,92,5
24,93,4
24,95,5
24,96,3
24,97,4
24,99,5
25,1,3
25,2,4
25,3,4
25,4,4
25,5,3
25,6,5
25,7,5
25,10,3
25,11,4
25,12,3
25,13,5
25,14,1
25,15,5
25,16,3
25,18,4
25,19,5
25,21,4
25,22,5
25,24,4
25,26,5
25,27,1
25,28,3
25,29,3
25,30,4
25,31,3
25,32,4
25,34,3
25,36,2
25,37,2
25,38,3
25,39,4
25,40,2
25,41,4
25,43,4
25,44,4
25,45,5
25,47,4
25,48,5
25,49,3
25,51,4
25,53,3
25,54,3
25,55,3
25,56,3
25,58,4
25,61,3
25,62,3
25,63,5
25,64,3
25,65,3
25,66,4
25,67,3
25,68,2
25,69,4
25,71,3
25,72,5
25,73,2
25,75,2
25,78,4
25,79,5
25,80,4
25,83,5
25,85,2
25,86,4
25,88,4
25,89,1
25,91,5
25,93,3
25,95,4
25,96,4
25,97,3
25,99,3
25,100,2
26,1,4
26,2,2
26,4,4
26,5,4
26,6,4
26,8,3
26,9,4
26,10,4
26,11,2
26,13,3
26,14,4
26,15,3
26,16,3
26,17,5
26,18,5
26,19,2
26,20,2
26,22,3
26,23,5
26,24,1
26,25,4
26,26,3
26,27,2
26,28,5
26,31,4
26,32,3
26,33,4
26,34,4
26,35,4
26,36,4
26,37,5
26,38,5
26,39,4
26,40,4
26,41,4
26,42,4
26,43,4
26,44,3
26,45,4
26,47,4
26,48,5
26,49,3
26,50,2
26,51,2
26,52,2
26,53,4
26,54,5
26,56,4
26,58,3
26,60,3
26,61,3
26,62,4
26,63,5
26,64,4
26,66,2
26,67,4
26,68,4
26,69,4
26,70,2
26,71,1
26,74,3
26,76,3
26,77,3
26,79,5
26,80,3
26,81,4
26,82,3
26,83,4
26,84,3
26,85,2
26,86,4
26,88,3
26,89,5
26,90,5
26,93,4
26,97,4
26,99,3
26,100,1
27,1,3
27,2,5
27,3,2
27,4,5
27,6,4
27,7,3
27,8,4
27,9,1
27,10,3
27,13,3
27,14,3
27,15,4
27,16,2
27,19,1
27,20,1
27,21,4
27,22,3
27,24,2
27,26,4
27,27,4
27,28,1
27,29,4
27,30,5
27,31,3
27,32,4
27,33,3
27,34,5
27,36,2
27,37,5
27,38,2
27,39,5
27,40,1
27,41,4
27,42,2
27,43,5
27,45,5
27,46,1
27,47,4
27,48,3
27,51,2
27,54,4
27,55,5
27,56,4
27,57,5
27,58,4
27,59,4
27,60,4
27,61,3
27,62,4
27,63,2
27,64,3
27,67,2
27,69,4
27,70,4
27,71,3
27,72,3
27,73,4
27,74,4
27,75,4
27,76,4
27,77,4
27,78,4
27,79,4
27,80,1
27,81,3
27,84,3
27,85,5
27,86,1
27,87,2
27,88,4
27,89,4
27,91,4
27,92,2
27,93,4
27,94,3
27,95,4
27,96,4
27,97,3
27,98,2
27,100,5
28,1,4
28,2,3
28,3,4
28,4,4
28,5,3
28,7,5
28,8,4
28,9,5
28,10,4
28,11,3
28,12,5
28,13,3
28,14,4
28,16,3
28,17,4
28,18,5
28,20,4
28,24,4
28,25,2
28,26,4
28,27,3
28,29,5
28,31,5
28,33,4
28,34,5
28,35,4
28,36,5
28,39,4
28,40,4
28,41,3
28,42,4
28,43,5
28,44,3
28,45,1
28,47,5
28,48,2
28,50,5
28,51,4
28,52,4
28,54,4
28,56,5
28,57,4
28,60,3
28,61,4
28,63,4
28,64,3
28,66,5
28,67,4
28,69,4
28,71,4
28,72,4
28,73,4
28,75,4
28,76,3
28,77,2
28,78,3
28,79,4
28,80,5
28,81,3
28,83,3
28,84,1
28,85,3
28,86,5
28,87,3
28,89,4
28,91,4
28,92,5
28,93,5
28,95,3
28,96,5
28,97,3
28,99,1
29,1,2
29,2,3
29,4,4
29,5,3
29,6,3
29,7,4
29,10,5
29,11,4
29,13,2
29,14,4
29,16,3
29,18,4
29,19,4
29,20,4
29,23,2
29,24,5
29,25,2
29,26,4
29,28,5
29,33,4
29,34,3
29,35,4
29,36,4
29,38,3
29,39,4
29,40,5
29,41,2
29,43,4
29,45,4
29,46,5
29,47,4
29,49,3
29,53,4
29,54,5
29,55,3
29,57,3
29,58,5
29,59,2
29,60,5
29,61,4
29,63,3
29,65,5
29,66,4
29,68,1
29,70,3
29,71,3
29,72,1
29,73,1
29,75,3
29,76,3
29,77,2
29,78,1
29,79,5
29,80,4
29,81,5
29,82,4
29,84,4
29,85,3
29,89,4
29,90,2
29,91,3
29,92,3
29,93,3
29,94,2
29,95,4
29,96,4
29,97,3
29,98,4
29,99,4
29,100,2
30,2,4
30,3,4
30,4,3
30,5,1
30,6,3
30,7,4
30,8,5
30,9,3
30,10,3
30,11,4
30,12,4
30,13,1
30,15,4
30,16,4
30,17,5
30,19,4
30,20,3
30,23,3
30,25,5
30,26,5
30,27,3
30,28,3
30,30,2
30,31,3
30,32,5
30,34,2
30,35,4
30,36,3
30,37,3
30,39,3
30,40,3
30,41,5
30,42,5
30,43,4
30,44,1
30,45,3
30,46,4
30,47,4
30,50,1
30,52,5
30,53,1
30,54,1
30,56,3
30,57,2
30,58,3
30,60,4
30,61,4
30,62,3
30,63,4
30,66,4
30,67,5
30,68,4
30,69,5
30,72,3
30,74,3
30,75,2
30,76,2
30,77,3
30,78,4
30,80,2
30,81,4
30,82,4
30,83,5
30,84,3
30,85,4
30,86,5
30,87,4
30,88,4
30,89,4
30,90,3
30,91,2
30,93,4
30,95,4
30,96,3
30,98,3
31,1,4
31,2,4
31,4,3
31,5,5
31,6,3
31,9,4
31,10,3
31,11,2
31,12,3
31,15,4
31,17,5
31,18,4
31,20,4
31,22,4
31,23,5
31,24,3
31,25,3
31,26,5
31,27,5
31,28,3
31,30,2
31,31,2
31,33,3
31,34,5
31,36,3
31,37,5
31,39,4
31,41,5
31,44,3
31,46,1
31,47,3
31,48,4
31,50,4
31,51,4
31,52,3
31,53,4
31,54,3
31,55,5
31,57,3
31,58,3
31,59,4
31,60,1
31,61,3
31,62,5
31,63,4
31,64,5
31,65,4
31,66,2
31,70,2
31,72,3
31,73,4
31,75,2
31,76,3
31,77,3
31,78,4
31,79,4
31,80,5
31,81,4
31,82,3
31,83,1
31,84,4
31,85,4
31,86,3
31,87,1
31,88,3
31,89,4
31,90,5
31,91,2
31,92,2
31,96,3
31,97,3
31,98,3
31,99,4
31,100,2
32,1,3
32,5,5
32,6,5
32,8,3
32,9,3
32,11,2
32,13,5
32,14,5
32,15,4
32,16,3
32,17,4
32,18,5
32,19,3
32,20,2
32,21,3
32,22,4
32,23,3
32,24,5
32,25,3
32,26,4
32,27,2
32,28,5
32,29,4
32,30,4
32,32,4
32,34,4
32,36,3
32,37,1
32,38,1
32,39,2
32,40,5
32,41,1
32,44,4
32,45,4
32,46,4
32,47,5
32,49,2
32,51,4
32,52,4
32,53,3
32,54,5
32,55,4
32,56,5
32,57,5
32,58,3
32,59,4
32,60,3
32,62,3
32,64,3
32,67,4
32,68,2
32,69,4
32,70,5
32,72,2
32,73,5
32,74,4
32,75,4
32,76,3
32,77,3
32,82,3
32,83,4
32,85,5
32,87,1
32,88,3
32,89,2
32,90,3
32,91,3
32,94,4
32,95,5
32,96,4
32,97,5
32,98,2
32,99,3
32,100,4
33,2,4
33,4,5
33,5,4
33,7,3
33,9,4
33,11,3
33,12,3
33,13,4
33,16,3
33,18,3
33,19,3
33,21,3
33,22,3
33,23,4
33,26,2
33,27,4
33,30,2
33,32,4
33,33,4
33,34,5
33,36,5
33,37,4
33,38,5
33,39,5
33,41,5
33,42,2
33,43,4
33,44,5
33,45,3
33,46,5
33,47,4
33,48,5
33,49,4
33,50,5
33,51,2
33,53,4
33,55,4
33,56,4
33,59,4
33,60,4
33,62,4
33,63,3
33,64,3
33,65,2
33,66,2
33,67,4
33,68,3
33,71,1
33,72,1
33,73,1
33,74,4
33,75,5
33,76,5
33,77,3
33,78,3
33,79,3
33,80,5
33,81,2
33,82,2
33,85,5
33,86,3
33,87,2
33,90,2
33,91,3
33,92,4
33,94,5
33,96,5
33,97,2
33,98,3
33,99,2
33,100,3
34,1,4
34,2,5
34,3,4
34,4,4
34,5,5
34,6,2
34,7,2
34,8,2
34,9,2
34,11,4
34,12,4
34,13,3
34,14,3
34,15,3
34,16,3
34,18,2
34,19,5
34,20,5
34,21,3
34,22,3
34,23,4
34,24,4
34,25,4
34,26,3
34,27,4
34,29,2
34,30,3
34,31,3
34,32,3
34,33,3
34,34,5
34,35,5
34,36,4
34,37,3
34,39,4
34,40,4
34,41,3
34,43,4
34,44,4
34,45,4
34,46,3
34,48,3
34,50,2
34,51,1
34,52,3
34,53,4
34,54,1
34,55,3
34,56,3
34,57,4
34,58,1
34,59,3
34,60,2
34,61,2
34,65,3
34,66,4
34,67,4
34,69,3
34,72,4
34,73,2
34,76,2
34,77,2
34,78,2
34,79,5
34,81,3
34,82,2
34,83,4
34,84,4
34,86,4
34,87,4
34,88,2
34,91,4
34,92,3
34,93,3
34,94,2
34,95,4
34,98,3
34,99,4
34,100,2
35,2,4
35,3,2
35,4,5
35,5,5
35,6,3
35,7,5
35,8,5
35,9,3
35,10,4
35,11,2
35,12,1
35,13,3
35,14,1
35,16,2
35,17,5
35,18,3
35,19,5
35,20,4
35,21,4
35,22,3
35,27,4
35,28,2
35,29,3
35,31,4
35,32,2
35,33,5
35,34,3
35,36,5
35,37,4
35,38,1
35,39,1
35,42,5
35,43,3
35,45,3
35,46,1
35,48,4
35,50,5
35,51,4
35,52,1
35,54,2
35,55,4
35,57,2
35,58,3
35,59,3
35,61,4
35,62,4
35,63,5
35,65,5
35,66,3
35,67,4
35,69,3
35,70,3
35,73,3
35,74,2
35,75,3
35,76,2
35,77,2
35,79,3
35,80,3
35,81,3
35,82,4
35,85,4
35,86,4
35,88,2
35,89,3
35,91,2
35,93,5
35,95,4
35,97,5
35,99,4
35,100,1
36,1,3
36,2,4
36,3,4
36,4,3
36,7,3
36,9,3
36,10,4
36,11,5
36,12,4
36,14,3
36,16,5
36,18,4
36,19,4
36,20,2
36,21,3
36,22,1
36,23,3
36,25,5
36,27,3
36,28,5
36,29,4
36,31,2
36,32,5
36,34,3
36,35,5
36,36,4
36,37,3
36,38,3
36,42,3
36,43,2
36,44,3
36,48,4
36,49,3
36,50,4
36,52,2
36,54,2
36,55,5
36,56,4
36,58,5
36,60,4
36,61,3
36,62,4
36,63,4
36,65,3
36,67,2
36,68,3
36,70,5
36,71,3
36,72,5
36,74,5
36,76,3
36,77,1
36,78,1
36,79,3
36,80,2
36,81,4
36,83,3
36,85,3
36,86,3
36,87,5
36,88,4
36,89,4
36,90,3
36,93,3
36,94,4
36,95,3
36,96,5
36,97,4
36,98,4
36,100,3
37,2,4
37,4,5
37,5,1
37,8,5
37,10,3
37,11,1
37,13,4
37,15,1
37,16,1
37,18,4
37,21,2
37,22,1
37,25,3
37,27,2
37,28,4
37,30,1
37,31,4
37,32,4
37,33,5
37,34,4
37,36,4
37,38,5
37,39,5
37,40,3
37,42,4
37,43,3
37,44,4
37,46,3
37,48,4
37,49,3
37,50,4
37,51,5
37,52,3
37,54,3
37,55,3
37,57,5
37,58,4
37,59,3
37,60,5
37,61,4
37,63,5
37,64,5
37,65,4
37,68,4
37,69,2
37,70,5
37,72,1
37,73,5
37,74,3
37,75,3
37,76,4
37,78,3
37,79,3
37,80,3
37,83,3
37,84,2
37,86,2
37,87,2
37,88,3
37,89,4
37,91,4
37,92,3
37,93,1
37,95,4
37,96,4
37,97,5
37,98,4
37,99,2
37,100,4
38,1,5
38,2,3
38,3,3
38,4,3
38,5,5
38,7,5
38,8,4
38,9,5
38,10,4
38,13,4
38,14,3
38,15,4
38,16,3
38,18,4
38,19,2
38,21,5
38,22,4
38,25,5
38,26,5
38,27,4
38,28,3
38,29,5
38,30,1
38,31,1
38,32,4
38,34,1
38,36,3
38,37,4
38,38,4
38,39,4
38,40,5
38,41,3
38,42,4
38,43,4
38,44,1
38,45,3
38,46,3
38,47,4
38,48,2
38,50,5
38,52,4
38,53,3
38,54,5
38,55,4
38,56,4
38,57,3
38,59,4
38,60,1
38,64,2
38,65,4
38,67,5
38,68,3
38,69,4
38,70,2
38,71,2
38,72,4
38,75,3
38,76,2
38,77,1
38,78,1
38,80,4
38,81,3
38,82,3
38,83,4
38,85,4
38,86,4
38,87,3
38,88,1
38,89,5
38,90,5
38,92,4
38,93,4
38,95,1
38,98,5
38,99,3
39,1,2
39,3,3
39,5,3
39,7,4
39,8,3
39,9,4
39,11,4
39,12,3
39,13,5
39,14,3
39,15,5
39,16,3
39,17,4
39,19,4
39,22,4
39,23,4
39,25,4
39,27,4
39,29,3
39,30,5
39,32,5
39,33,4
39,34,3
39,35,1
39,36,4
39,37,4
39,38,3
39,39,4
39,41,4
39,42,3
39,44,4
39,45,2
39,46,4
39,48,2
39,49,3
39,50,5
39,51,4
39,52,5
39,54,2
39,56,3
39,57,5
39,58,1
39,60,3
39,61,3
39,62,4
39,63,5
39,65,4
39,66,5
39,67,4
39,68,4
39,69,4
39,70,1
39,73,4
39,74,2
39,76,2
39,77,3
39,79,3
39,80,2
39,81,5
39,82,4
39,83,2
39,84,2
39,87,4
39,88,4
39,90,1
39,91,5
39,93,4
39,95,1
39,99,5
39,100,3
40,2,4
40,3,3
40,5,4
40,6,4
40,7,3
40,8,5
40,9,3
40,10,3
40,11,5
40,12,5
40,13,5
40,14,4
40,15,3
40,16,4
40,18,2
40,20,5
40,21,4
40,22,2
40,23,3
40,24,4
40,26,3
40,27,3
40,28,4
40,29,4
40,30,4
40,31,4
40,32,4
40,33,5
40,34,5
40,35,1
40,39,2
40,42,4
40,43,3
40,44,3
40,45,5
40,46,2
40,47,3
40,48,5
40,49,4
40,50,2
40,51,3
40,52,4
40,53,4
40,54,4
40,56,1
40,57,3
40,58,3
40,59,2
40,60,3
40,61,4
40,62,3
40,63,4
40,65,3
40,66,3
40,67,5
40,68,4
40,69,4
40,70,4
40,71,2
40,72,4
40,73,4
40,78,3
40,79,3
40,81,3
40,82,1
40,83,4
40,85,5
40,86,4
40,87,4
40,89,4
40,90,3
40,91,3
40,92,3
40,93,4
40,94,4
40,96,1
40,97,3
40,98,4
40,99,5
41,1,4
41,2,1
41,3,2
41,5,4
41,7,3
41,8,5
41,9,3
41,10,3
41,11,5
41,12,4
41,13,5
41,15,2
41,17,3
41,18,3
41,19,3
41,20,4
41,21,4
41,22,3
41,24,3
41,25,3
41,26,2
41,27,4
41,28,3
41,29,2
41,31,5
41,32,4
41,33,2
41,34,2
41,35,5
41,36,4
41,38,1
41,41,5
41,42,1
41,43,4
41,48,4
41,49,2
41,50,4
41,51,4
41,52,3
41,53,3
41,54,3
41,55,5
41,58,5
41,60,3
41,62,4
41,63,2
41,64,4
41,65,5
41,66,5
41,67,5
41,68,4
41,69,4
41,70,2
41,71,2
41,72,5
41,73,4
41,74,2
41,76,5
41,78,5
41,81,4
41,82,5
41,83,5
41,85,4
41,88,2
41,89,3
41,90,3
41,91,3
41,92,4
41,93,2
41,94,5
41,95,4
41,96,2
41,98,4
41,100,5
42,1,2
42,2,4
42,4,5
42,5,3
42,6,4
42,7,3
42,8,2
42,9,3
42,11,3
42,12,5
42,13,4
42,17,1
42,18,3
42,19,4
42,20,2
42,21,4
42,25,2
42,26,5
42,27,2
42,28,5
42,29,5
42,31,3
42,32,4
42,33,5
42,34,4
42,35,4
42,37,5
42,38,2
42,39,2
42,44,4
42,45,4
42,46,1
42,47,5
42,49,3
42,50,4
42,52,2
42,53,5
42,54,4
42,56,4
42,57,2
42,58,1
42,59,4
42,60,3
42,61,1
42,62,5
42,64,3
42,65,5
42,66,3
42,67,5
42,69,4
42,70,4
42,71,4
42,72,5
42,74,3
42,75,3
42,76,1
42,77,3
42,79,4
42,80,5
42,81,3
42,82,1
42,83,3
42,84,3
42,85,4
42,86,4
42,88,4
42,89,5
42,90,3
42,92,2
42,93,3
42,95,5
42,96,4
42,97,4
42,100,2
43,1,4
43,4,5
43,5,3
43,7,3
43,9,4
43,10,2
43,11,4
43,12,5
43,13,3
43,14,4
43,15,1
43,16,4
43,20,4
43,22,5
43,23,4
43,25,3
43,26,4
43,27,4
43,28,4
43,29,4
43,30,4
43,31,4
43,33,4
43,34,4
43,35,5
43,36,3
43,37,2
43,38,3
43,39,2
43,41,2
43,42,5
43,43,1
43,44,3
43,45,4
43,46,4
43,48,5
43,49,3
43,50,3
43,51,5
43,52,4
43,53,4
43,54,4
43,55,5
43,56,5
43,58,2
43,59,2
43,61,3
43,62,3
43,64,5
43,65,4
43,66,3
43,67,4
43,68,4
43,69,4
43,71,4
43,73,5
43,76,3
43,78,5
43,79,5
43,83,4
43,85,4
43,86,4
43,88,5
43,89,4
43,90,1
43,91,3
43,92,4
43,93,4
43,95,1
43,97,2
43,98,3
43,100,4
44,1,3
44,3,4
44,4,1
44,5,4
44,7,3
44,9,2
44,10,3
44,11,3
44,12,5
44,15,5
44,16,3
44,17,3
44,18,2
44,20,4
44,21,2
44,22,4
44,23,2
44,25,5
44,26,4
44,27,5
44,28,5
44,29,3
44,30,4
44,31,3
44,32,1
44,33,2
44,34,2
44,35,2
44,36,4
44,38,4
44,39,4
44,40,3
44,42,3
44,46,4
44,47,4
44,49,5
44,50,4
44,51,1
44,52,4
44,53,3
44,54,5
44,56,3
44,57,3
44,58,4
44,60,4
44,61,4
44,62,5
44,63,4
44,64,5
44,65,1
44,67,4
44,68,1
44,70,5
44,71,3
44,72,4
44,73,3
44,74,4
44,75,4
44,76,3
44,78,1
44,79,4
44,81,2
44,82,4
44,83,4
44,85,3
44,87,3
44,88,5
44,89,5
44,93,3
44,94,5
44,96,5
44,97,4
44,98,3
44,100,2
45,3,4
45,4,5
45,5,4
45,7,5
45,8,5
45,9,2
45,11,5
45,12,5
45,13,3
45,15,3
45,16,4
45,19,2
45,20,3
45,21,4
45,22,5
45,24,4
45,25,4
45,26,5
45,28,3
45,30,4
45,32,4
45,34,3
45,35,5
45,36,4
45,37,5
45,39,4
45,40,3
45,41,3
45,42,4
45,44,3
45,46,3
45,50,4
45,52,3
45,53,3
45,54,4
45,55,5
45,56,4
45,57,3
45,59,3
45,60,4
45,61,4
45,62,1
45,63,3
45,64,4
45,65,1
45,67,3
45,69,3
45,70,3
45,71,5
45,72,5
45,73,3
45,74,3
45,76,3
45,77,4
45,78,3
45,79,5
45,81,3
45,82,5
45,83,4
45,86,4
45,87,3
45,88,3
45,89,3
45,90,4
45,91,5
45,92,4
45,93,4
45,94,3
45,95,5
45,96,5
45,97,5
45,98,4
45,99,5
46,1,5
46,2,3
46,3,4
46,4,4
46,5,4
46,7,3
46,8,2
46,9,4
46,10,4
46,11,4
46,12,3
46,13,2
46,14,4
46,15,4
46,16,4
46,20,1
46,21,3
46,22,1
46,23,4
46,25,4
46,26,3
46,28,2
46,30,5
46,32,3
46,33,4
46,34,4
46,36,3
46,37,5
46,40,4
46,43,4
46,44,1
46,46,2
46,48,2
46,49,4
46,50,4
46,51,5
46,52,3
46,53,3
46,54,4
46,55,2
46,57,3
46,58,4
46,60,4
46,61,2
46,62,2
46,64,3
46,65,5
46,67,3
46,69,5
46,70,2
46,71,2
46,72,4
46,73,2
46,74,2
46,75,4
46,76,4
46,77,4
46,78,3
46,79,5
46,80,5
46,81,4
46,82,2
46,83,5
46,84,4
46,85,2
46,86,1
46,87,5
46,88,4
46,89,2
46,90,4
46,91,3
46,92,4
46,93,3
46,94,4
46,95,4
46,96,4
46,97,4
46,98,5
46,99,4
46,100,4
47,1,4
47,2,3
47,3,4
47,4,4
47,5,1
47,6,4
47,7,4
47,8,4
47,9,4
47,10,2
47,12,5
47,14,4
47,15,4
47,17,4
47,19,4
47,20,4
47,21,5
47,23,4
47,25,3
47,26,5
47,27,5
47,28,4
47,29,5
47,30,4
47,31,5
47,32,3
47,35,3
47,36,3
47,37,4
47,39,3
47,41,3
47,44,4
47,45,3
47,46,5
47,47,4
47,48,2
47,50,4
47,51,2
47,52,4
47,53,5
47,54,4
47,55,3
47,56,5
47,57,4
47,58,5
47,59,3
47,60,2
47,61,3
47,63,4
47,64,4
47,65,4
47,66,3
47,67,3
47,70,5
47,71,3
47,72,4
47,73,2
47,74,4
47,75,3
47,76,4
47,77,3
47,78,2
47,79,3
47,81,4
47,82,5
47,83,5
47,84,3
47,85,4
47,86,2
47,87,2
47,88,2
47,89,3
47,91,4
47,92,4
47,94,4
47,95,5
47,96,5
47,97,4
47,98,2
47,100,4
48,1,2
48,3,5
48,4,5
48,6,4
48,7,4
48,8,4
48,9,3
48,10,2
48,11,3
48,13,4
48,15,2
48,16,4
48,17,5
48,19,5
48,23,5
48,24,4
48,25,3
48,26,4
48,28,5
48,32,4
48,33,4
48,34,3
48,35,4
48,37,5
48,38,3
48,40,1
48,42,2
48,43,4
48,44,3
48,45,5
48,46,2
48,47,2
48,48,3
48,49,5
48,52,4
48,54,4
48,55,4
48,56,5
48,57,3
48,58,2
48,59,2
48,60,4
48,61,2
48,62,5
48,63,3
48,65,5
48,67,5
48,68,2
48,69,2
48,70,4
48,71,1
48,72,3
48,75,4
48,76,4
48,77,3
48,78,4
48,81,1
48,83,4
48,85,4
48,86,4
48,87,2
48,88,4
48,89,5
48,91,5
48,92,2
48,93,3
48,94,2
48,97,4
48,99,3
49,1,5
49,2,4
49,4,5
49,5,2
49,6,1
49,7,4
49,8,2
49,9,3
49,10,3
49,11,4
49,12,3
49,14,5
49,15,4
49,16,3
49,18,4
49,19,5
49,20,5
49,22,4
49,25,2
49,26,2
49,28,5
49,29,3
49,30,2
49,31,4
49,32,1
49,34,4
49,35,4
49,36,4
49,37,4
49,38,5
49,40,5
49,41,1
49,42,2
49,43,3
49,44,3
49,45,4
49,47,5
49,48,5
49,49,4
49,53,4
49,54,1
49,57,3
49,58,3
49,59,3
49,60,2
49,61,4
49,63,4
49,66,2
49,67,3
49,68,3
49,69,4
49,70,3
49,72,5
49,73,3
49,74,2
49,75,5
49,77,4
49,78,3
49,79,4
49,80,3
49,81,2
49,83,3
49,84,2
49,85,3
49,86,4
49,87,4
49,88,2
49,89,4
49,90,5
49,91,5
49,93,2
49,94,4
49,95,1
49,96,3
49,97,4
49,98,3
49,99,4
49,100,3
50,1,5
50,2,3
50,3,2
50,4,2
50,5,3
50,7,4
50,8,3
50,11,3
50,13,3
50,14,4
50,15,5
50,16,5
50,17,3
50,18,4
50,19,1
50,20,1
50,21,3
50,22,2
50,23,2
50,25,5
50,27,3
50,28,5
50,29,5
50,31,2
50,32,4
50,33,5
50,34,3
50,35,5
50,36,5
50,37,4
50,39,3
50,40,3
50,41,3
50,43,1
50,44,3
50,45,4
50,46,3
50,47,1
50,48,1
50,49,3
50,51,1
50,52,2
50,53,4
50,54,1
50,55,5
50,56,5
50,59,2
50,60,3
50,61,1
50,62,4
50,63,4
50,65,5
50,66,1
50,67,3
50,68,5
50,69,2
50,70,4
50,72,3
50,73,3
50,74,1
50,77,3
50,78,3
50,79,4
50,80,5
50,81,2
50,82,2
50,83,3
50,84,2
50,85,4
50,86,4
50,88,4
50,89,4
50,90,4
50,91,5
50,93,1
50,94,4
50,96,5
50,97,3
50,99,5
50,100,3
51,1,5
51,2,2
51,3,2
51,4,4
51,5,4
51,6,4
51,7,3
51,8,3
51,9,2
51,10,4
51,13,5
51,15,5
51,17,5
51,18,3
51,19,5
51,20,4
51,21,3
51,22,5
51,23,5
51,24,4
51,25,4
51,26,3
51,27,4
51,28,2
51,29,4
51,30,2
51,31,3
51,32,4
51,33,4
51,34,3
51,35,3
51,37,5
51,38,2
51,39,4
51,40,3
51,41,5
51,42,5
51,43,5
51,44,3
51,45,3
51,48,2
51,49,2
51,50,5
51,51,5
51,52,3
51,53,5
51,54,3
51,55,5
51,56,5
51,57,3
51,59,4
51,61,1
51,62,4
51,63,5
51,65,3
51,66,5
51,67,2
51,68,4
51,69,4
51,70,3
51,74,1
51,75,4
51,76,3
51,77,5
51,79,4
51,80,4
51,81,3
51,82,5
51,83,4
51,84,2
51,85,4
51,86,4
51,90,1
51,91,4
51,94,2
51,96,2
51,97,4
51,98,5
51,99,3
51,100,3
52,1,4
52,2,3
52,4,3
52,5,4
52,6,4
52,7,3
52,8,4
52,10,5
52,11,1
52,12,3
52,13,3
52,14,3
52,17,3
52,18,3
52,20,5
52,22,4
52,23,5
52,24,5
52,25,4
52,26,4
52,27,2
52,28,5
52,30,4
52,31,4
52,32,2
52,33,3
52,34,5
52,35,4
52,36,3
52,37,4
52,38,4
52,41,2
52,42,4
52,44,4
52,45,5
52,46,4
52,47,3
52,48,3
52,50,2
52,52,1
52,53,2
52,54,3
52,55,3
52,56,4
52,57,3
52,58,4
52,59,4
52,61,4
52,62,4
52,63,4
52,64,5
52,65,3
52,66,5
52,67,5
52,68,3
52,69,2
52,71,2
52,74,3
52,78,5
52,79,1
52,80,5
52,83,3
52,85,4
52,86,4
52,87,5
52,88,2
52,90,4
52,91,5
52,92,4
52,93,3
52,95,5
52,96,2
52,97,4
52,99,2
52,100,3
53,1,3
53,2,3
53,3,5
53,5,2
53,6,4
53,7,3
53,8,4
53,9,4
53,10,4
53,11,5
53,12,4
53,13,4
53,14,4
53,15,4
53,16,5
53,18,3
53,19,5
53,20,5
53,23,5
53,24,5
53,25,4
53,26,3
53,27,5
53,28,4
53,29,5
53,30,1
53,31,2
53,32,4
53,33,2
53,37,2
53,40,1
53,41,4
53,42,3
53,43,2
53,45,4
53,46,3
53,47,2
53,48,5
53,49,3
53,50,2
53,51,3
53,53,2
53,54,3
53,55,5
53,56,4
53,57,3
53,59,4
53,60,5
53,61,3
53,62,5
53,65,2
53,66,2
53,68,3
53,69,3
53,70,4
53,72,1
53,73,3
53,77,5
53,79,5
53,80,4
53,83,5
53,84,3
53,85,1
53,87,5
53,89,3
53,90,4
53,91,5
53,92,4
53,95,1
53,96,4
53,97,2
53,98,4
53,99,4
53,100,4
54,1,5
54,3,4
54,4,4
54,5,1
54,6,4
54,9,4
54,12,2
54,14,3
54,15,4
54,16,3
54,17,4
54,18,2
54,21,1
54,22,3
54,23,5
54,24,5
54,28,4
54,29,4
54,31,4
54,32,4
54,33,5
54,34,4
54,37,1
54,38,4
54,39,5
54,40,3
54,41,5
54,42,3
54,44,4
54,45,4
54,46,5
54,48,5
54,49,2
54,52,2
54,53,3
54,54,3
54,55,4
54,56,1
54,58,4
54,59,3
54,60,1
54,62,4
54,63,5
54,64,3
54,65,3
54,66,4
54,67,4
54,68,4
54,69,5
54,70,2
54,72,5
54,73,5
54,75,4
54,76,5
54,77,2
54,78,5
54,79,2
54,80,4
54,81,4
54,82,3
54,83,4
54,84,4
54,87,4
54,89,5
54,90,4
54,91,4
54,92,5
54,93,5
54,95,2
54,96,3
54,97,3
54,98,3
54,99,2
54,100,3
55,1,4
55,3,3
55,4,5
55,8,3
55,9,5
55,10,3
55,11,3
55,12,1
55,14,1
55,15,4
55,16,2
55,17,4
55,18,4
55,19,5
55,20,4
55,21,3
55,22,5
55,24,4
55,26,2
55,27,4
55,28,5
55,29,2
55,34,5
55,35,4
55,37,1
55,38,4
55,39,1
55,40,4
55,41,4
55,43,5
55,44,5
55,45,3
55,47,4
55,48,2
55,49,2
55,50,2
55,51,2
55,52,3
55,54,5
55,57,3
55,58,3
55,59,4
55,61,3
55,62,4
55,63,5
55,64,1
55,65,4
55,66,4
55,67,3
55,71,1
55,73,3
55,74,3
55,75,1
55,76,4
55,77,5
55,78,2
55,79,4
55,80,4
55,83,4
55,84,4
55,85,5
55,86,4
55,87,3
55,90,4
55,92,1
55,93,3
55,94,5
55,96,4
55,97,4
55,99,4
55,100,3
56,1,4
56,2,4
56,3,4
56,5,4
56,6,4
56,7,5
56,8,2
56,9,4
56,10,4
56,11,4
56,13,4
56,14,5
56,16,3
56,17,5
56,18,2
56,19,3
56,20,4
56,21,2
56,25,2
56,26,5
56,27,3
56,28,4
56,29,4
56,31,4
56,32,5
56,33,5
56,36,5
56,37,3
56,39,3
56,40,5
56,45,3
56,46,4
56,47,4
56,48,5
56,49,3
56,50,5
56,51,4
56,53,2
56,54,2
56,55,4
56,57,2
56,58,3
56,59,2
56,60,5
56,63,2
56,64,3
56,65,3
56,66,4
56,67,5
56,68,1
56,71,4
56,73,2
56,74,4
56,75,5
56,77,3
56,78,1
56,80,3
56,81,3
56,82,5
56,83,5
56,84,4
56,85,3
56,86,5
56,87,3
56,89,3
56,92,3
56,93,4
56,94,4
56,96,3
56,98,1
56,99,5
57,1,4
57,2,3
57,3,2
57,5,4
57,6,4
57,7,3
57,8,4
57,9,4
57,10,3
57,11,5
57,12,3
57,13,5
57,14,1
57,15,4
57,16,3
57,18,4
57,19,3
57,20,3
57,21,5
57,22,2
57,23,2
57,24,3
57,26,4
57,27,3
57,28,4
57,31,2
57,34,2
57,37,3
57,38,4
57,40,5
57,41,1
57,42,4
57,44,3
57,45,4
57,46,3
57,47,2
57,49,5
57,50,1
57,51,4
57,53,4
57,54,3
57,55,5
57,56,5
57,58,5
57,59,3
57,60,3
57,62,4
57,65,3
57,66,3
57,67,5
57,69,3
57,70,4
57,71,5
57,72,3
57,73,2
57,74,3
57,75,2
57,76,4
57,77,5
57,78,3
57,79,4
57,80,4
57,83,5
57,84,4
57,85,5
57,86,2
57,89,5
57,91,1
57,92,3
57,93,4
57,94,3
57,96,4
57,98,5
58,1,3
58,2,3
58,5,4
58,6,4
58,7,4
58,8,1
58,9,3
58,10,3
58,11,4
58,12,3
58,13,4
58,14,5
58,16,4
58,17,1
58,18,2
58,19,4
58,22,4
58,23,4
58,25,4
58,26,3
58,27,1
58,28,2
58,29,3
58,30,5
58,31,3
58,32,1
58,33,5
58,36,2
58,39,4
58,40,3
58,41,3
58,42,3
58,43,1
58,44,4
58,45,3
58,46,5
58,48,3
58,49,2
58,50,5
58,51,4
58,52,2
58,55,1
58,57,3
58,58,5
58,61,3
58,62,4
58,63,4
58,65,5
58,66,5
58,70,4
58,71,5
58,73,3
58,74,4
58,75,3
58,76,3
58,77,3
58,78,5
58,79,1
58,80,4
58,81,4
58,82,3
58,84,3
58,85,2
58,86,2
58,87,4
58,88,3
58,89,3
58,91,4
58,93,2
58,94,2
58,95,4
58,97,5
58,98,4
58,99,4
58,100,3
59,1,4
59,2,5
59,3,4
59,4,3
59,5,4
59,6,3
59,7,5
59,9,2
59,10,2
59,11,4
59,12,4
59,18,4
59,19,3
59,20,3
59,21,5
59,23,2
59,24,3
59,25,5
59,26,4
59,28,4
59,29,5
59,31,5
59,32,2
59,33,2
59,34,4
59,35,4
59,36,5
59,37,4
59,38,3
59,39,4
59,40,3
59,42,3
59,43,4
59,44,4
59,47,4
59,48,1
59,49,5
59,50,1
59,51,3
59,54,4
59,55,3
59,56,5
59,57,3
59,58,5
59,59,4
59,60,4
59,61,5
59,62,4
59,63,5
59,64,2
59,65,4
59,69,4
59,70,3
59,71,3
59,72,5
59,74,3
59,75,4
59,79,4
59,80,5
59,82,2
59,83,4
59,85,4
59,86,3
59,87,4
59,89,4
59,90,2
59,91,5
59,92,5
59,93,3
59,94,5
59,95,4
59,96,5
59,97,5
59,99,4
59,100,2
60,2,4
60,4,3
60,5,4
60,6,5
60,8,5
60,9,2
60,10,3
60,11,1
60,13,4
60,14,3
60,16,4
60,18,1
60,19,2
60,20,2
60,22,4
60,23,4
60,24,2
60,25,3
60,27,4
60,28,4
60,29,4
60,31,2
60,33,4
60,34,5
60,35,3
60,38,4
60,39,4
60,40,4
60,41,2
60,42,4
60,43,3
60,44,2
60,45,5
60,46,5
60,50,4
60,51,1
60,52,2
60,53,2
60,54,5
60,55,3
60,56,3
60,57,4
60,58,1
60,59,2
60,60,2
60,61,2
60,62,4
60,63,4
60,65,2
60,66,3
60,67,5
60,68,2
60,69,3
60,71,1
60,72,3
60,73,4
60,74,1
60,75,1
60,78,3
60,80,4
60,81,5
60,82,4
60,84,5
60,86,4
60,87,4
60,88,4
60,89,3
60,90,4
60,92,1
60,94,3
60,95,4
60,96,5
60,97,3
60,98,5
60,99,4
60,100,2
61,2,5
61,3,3
61,4,5
61,5,5
61,6,4
61,7,4
61,10,5
61,11,4
61,12,2
61,15,3
61,16,4
61,22,4
61,23,1
61,24,2
61,27,3
61,28,1
61,30,1
61,31,4
61,32,3
61,33,1
61,34,5
61,35,4
61,36,4
61,37,3
61,38,2
61,39,1
61,40,4
61,41,3
61,42,3
61,43,3
61,45,2
61,46,4
61,47,2
61,49,5
61,50,5
61,51,4
61,52,5
61,53,3
61,54,3
61,55,2
61,56,5
61,57,3
61,58,2
61,59,4
61,60,3
61,61,4
61,62,3
61,63,3
61,64,3
61,65,1
61,67,4
61,68,5
61,69,5
61,70,5
61,71,4
61,72,5
61,74,4
61,75,3
61,76,5
61,77,3
61,78,2
61,79,4
61,80,3
61,81,3
61,82,4
61,83,3
61,86,4
61,87,3
61,89,4
61,90,5
61,92,4
61,93,4
61,95,3
61,96,3
61,97,3
61,98,4
61,99,2
61,100,1
62,1,3
62,2,3
62,3,5
62,4,2
62,5,4
62,6,3
62,8,3
62,9,4
62,10,4
62,11,5
62,12,2
62,13,3
62,14,3
62,15,3
62,16,3
62,17,4
62,18,4
62,20,5
62,21,4
62,22,3
62,23,4
62,24,3
62,25,5
62,26,3
62,27,3
62,28,3
62,29,4
62,30,3
62,32,3
62,33,2
62,36,1
62,37,2
62,40,2
62,41,3
62,42,3
62,43,4
62,44,4
62,45,4
62,46,2
62,47,3
62,48,4
62,49,2
62,53,5
62,54,5
62,56,3
62,57,4
62,58,2
62,60,4
62,61,2
62,62,3
62,63,3
62,64,4
62,65,4
62,66,5
62,67,2
62,68,3
62,69,4
62,70,3
62,71,5
62,72,2
62,74,4
62,75,4
62,76,4
62,77,4
62,78,4
62,79,4
62,80,3
62,81,1
62,82,3
62,84,4
62,85,4
62,86,3
62,87,3
62,88,4
62,90,5
62,91,5
62,92,3
62,93,1
62,94,4
62,95,5
62,96,4
62,97,2
62,100,3
63,1,2
63,2,2
63,3,1
63,4,4
63,5,4
63,6,4
63,8,3
63,9,2
63,11,4
63,12,2
63,13,1
63,14,4
63,15,4
63,17,3
63,18,3
63,19,3
63,20,4
63,21,3
63,22,4
63,23,1
63,24,3
63,25,2
63,27,3
63,28,4
63,29,3
63,31,3
63,33,4
63,37,2
63,40,1
63,41,3
63,43,1
63,44,5
63,45,5
63,48,2
63,51,3
63,53,2
63,55,5
63,56,3
63,57,4
63,58,3
63,59,3
63,60,5
63,62,5
63,64,4
63,65,3
63,66,2
63,69,3
63,70,5
63,73,5
63,74,5
63,76,4
63,77,4
63,78,4
63,80,5
63,81,3
63,83,4
63,84,5
63,85,4
63,86,4
63,87,5
63,88,5
63,89,4
63,91,1
63,92,5
63,93,5
63,94,3
63,95,3
63,96,3
63,97,3
63,98,4
63,99,2
63,100,5
64,2,5
64,3,4
64,4,3
64,5,5
64,6,4
64,7,5
64,9,3
64,10,1
64,11,2
64,12,5
64,13,4
64,16,2
64,17,3
64,18,3
64,19,4
64,20,4
64,21,4
64,23,1
64,24,4
64,25,5
64,27,3
64,28,3
64,29,4
64,31,5
64,35,3
64,36,4
64,38,1
64,39,4
64,40,3
64,41,3
64,42,2
64,43,4
64,44,4
64,47,2
64,52,3
64,53,4
64,55,5
64,56,5
64,58,5
64,59,5
64,60,3
64,61,4
64,62,5
64,63,4
64,64,4
64,65,4
64,67,5
64,68,4
64,70,4
64,71,4
64,72,4
64,73,5
64,74,2
64,75,2
64,78,2
64,79,4
64,81,3
64,82,3
64,83,1
64,84,5
64,85,3
64,86,4
64,87,4
64,88,5
64,89,3
64,90,4
64,91,2
64,92,3
64,93,4
64,94,3
64,95,4
64,96,3
64,97,4
64,98,1
64,100,3
65,1,5
65,2,2
65,4,4
65,6,4
65,7,5
65,8,4
65,10,3
65,12,4
65,13,3
65,14,3
65,15,4
65,17,5
65,18,4
65,19,3
65,20,2
65,21,3
65,22,1
65,23,4
65,24,4
65,25,5
65,26,3
65,27,3
65,28,4
65,30,4
65,31,5
65,32,2
65,33,3
65,36,4
65,37,4
65,39,5
65,40,4
65,42,4
65,43,4
65,44,2
65,45,4
65,46,5
65,47,3
65,48,5
65,49,4
65,50,2
65,52,3
65,53,4
65,54,5
65,57,4
65,58,3
65,59,3
65,62,3
65,63,3
65,64,4
65,65,4
65,66,5
65,68,5
65,69,4
65,71,1
65,72,3
65,73,5
65,74,5
65,75,3
65,76,4
65,79,1
65,82,3
65,83,5
65,84,3
65,85,3
65,87,3
65,89,2
65,90,5
65,91,5
65,94,4
65,96,4
65,97,3
65,98,4
65,99,3
65,100,4
66,2,4
66,4,3
66,5,4
66,6,2
66,7,4
66,10,1
66,12,4
66,14,4
66,16,5
66,17,3
66,19,4
66,20,3
66,21,3
66,22,3
66,23,5
66,24,4
66,26,5
66,27,3
66,29,2
66,30,4
66,31,4
66,32,4
66,33,5
66,34,3
66,37,5
66,38,5
66,39,5
66,40,2
66,41,3
66,43,4
66,44,4
66,46,3
66,47,5
66,48,2
66,50,4
66,51,4
66,52,3
66,53,3
66,54,3
66,55,3
66,56,2
66,59,3
66,60,1
66,61,3
66,62,2
66,63,2
66,65,3
66,66,4
66,67,2
66,68,3
66,69,4
66,71,3
66,72,3
66,74,5
66,75,4
66,76,4
66,77,3
66,78,5
66,79,2
66,80,5
66,81,3
66,82,4
66,83,3
66,84,1
66,85,4
66,86,4
66,87,2
66,88,2
66,90,1
66,91,5
66,93,4
66,94,2
66,96,4
66,97,3
66,100,3
67,1,4
67,4,5
67,5,5
67,7,3
67,8,5
67,9,5
67,11,2
67,12,1
67,13,5
67,14,3
67,15,4
67,17,4
67,18,4
67,19,3
67,20,4
67,21,1
67,22,5
67,25,3
67,29,4
67,30,2
67,31,5
67,32,5
67,34,3
67,35,3
67,37,3
67,38,2
67,39,5
67,40,5
67,41,5
67,42,4
67,43,3
67,45,2
67,46,2
67,47,3
67,48,3
67,49,5
67,50,5
67,51,4
67,52,2
67,53,3
67,54,5
67,55,5
67,57,3
67,58,4
67,60,5
67,61,4
67,62,3
67,63,4
67,64,3
67,66,2
67,68,4
67,70,4
67,71,3
67,73,3
67,74,2
67,75,2
67,77,3
67,78,3
67,79,4
67,80,2
67,81,5
67,82,2
67,83,5
67,84,2
67,85,1
67,88,3
67,89,3
67,90,4
67,91,3
67,92,2
67,93,4
67,94,3
67,95,4
67,96,4
67,97,3
67,98,4
67,99,5
68,1,5
68,2,4
68,3,3
68,4,5
68,5,5
68,6,2
68,8,4
68,9,4
68,10,2
68,12,4
68,13,4
68,14,3
68,16,1
68,18,3
68,19,5
68,20,2
68,21,4
68,22,3
68,23,4
68,24,4
68,25,4
68,26,3
68,27,2
68,28,3
68,29,4
68,30,3
68,31,3
68,32,5
68,33,4
68,34,5
68,35,4
68,36,3
68,37,3
68,38,3
68,39,3
68,41,4
68,42,5
68,43,4
68,44,5
68,45,3
68,46,2
68,47,5
68,49,3
68,50,4
68,51,3
68,52,5
68,54,3
68,55,4
68,56,4
68,57,4
68,58,1
68,59,4
68,61,3
68,64,3
68,65,5
68,66,4
68,67,1
68,69,5
68,70,1
68,71,4
68,73,4
68,74,5
68,75,4
68,76,4
68,77,4
68,80,5
68,82,5
68,83,3
68,85,3
68,86,2
68,89,2
68,93,4
68,95,5
68,96,3
68,98,4
68,99,4
69,1,5
69,2,3
69,3,4
69,4,3
69,5,5
69,6,3
69,8,2
69,10,4
69,11,4
69,12,3
69,13,2
69,15,3
69,16,5
69,17,5
69,18,5
69,19,4
69,21,3
69,22,5
69,24,3
69,25,5
69,29,5
69,30,4
69,31,3
69,33,5
69,34,5
69,35,3
69,36,2
69,37,4
69,39,3
69,40,2
69,43,4
69,44,2
69,45,3
69,48,5
69,50,2
69,52,3
69,54,2
69,56,3
69,57,5
69,58,5
69,59,4
69,65,3
69,67,5
69,68,3
69,69,4
69,71,1
69,72,2
69,73,4
69,74,5
69,75,2
69,76,4
69,77,3
69,78,3
69,79,5
69,80,5
69,81,3
69,82,2
69,83,3
69,84,3
69,85,5
69,86,4
69,87,4
69,88,3
69,89,5
69,90,4
69,92,3
69,93,3
69,95,3
69,96,2
69,99,2
69,100,4
70,3,5
70,4,5
70,5,5
70,6,1
70,7,4
70,8,4
70,9,3
70,10,3
70,11,3
70,12,4
70,13,3
70,14,4
70,16,5
70,17,4
70,18,3
70,19,4
70,20,4
70,21,1
70,24,3
70,25,3
70,26,5
70,27,1
70,28,2
70,29,2
70,30,5
70,31,4
70,32,3
70,33,1
70,34,2
70,35,1
70,39,4
70,41,3
70,42,4
70,43,4
70,44,3
70,45,4
70,46,4
70,47,4
70,48,2
70,50,4
70,51,2
70,52,3
70,54,4
70,55,2
70,56,5
70,57,2
70,58,3
70,59,4
70,60,5
70,62,5
70,63,3
70,64,4
70,65,4
70,67,3
70,69,4
70,71,5
70,73,4
70,74,4
70,75,4
70,76,4
70,77,4
70,78,2
70,79,5
70,80,3
70,83,4
70,84,5
70,85,4
70,86,3
70,87,4
70,90,1
70,91,2
70,92,5
70,94,5
70,95,2
70,96,5
70,97,2
70,98,4
70,99,2
70,100,3
71,1,2
71,2,2
71,4,4
71,5,4
71,6,4
71,7,4
71,8,1
71,9,1
71,10,5
71,12,5
71,13,4
71,15,3
71,16,2
71,17,2
71,18,1
71,19,5
71,20,2
71,21,2
71,22,3
71,24,5
71,25,4
71,27,3
71,28,5
71,29,4
71,30,3
71,31,5
71,32,5
71,35,5
71,37,5
71,38,4
71,39,5
71,41,5
71,42,5
71,43,2
71,45,4
71,46,5
71,48,5
71,49,5
71,50,2
71,51,4
71,52,4
71,53,3
71,55,4
71,56,4
71,57,1
71,58,5
71,59,2
71,60,5
71,61,5
71,62,1
71,63,4
71,64,5
71,65,3
71,66,5
71,67,4
71,68,3
71,69,3
71,70,3
71,71,3
71,73,3
71,74,2
71,75,3
71,76,4
71,79,2
71,80,5
71,82,5
71,83,1
71,84,5
71,85,2
71,87,3
71,88,3
71,89,4
71,90,4
71,91,4
71,93,4
71,94,4
71,95,4
71,99,4
71,100,3
72,1,4
72,3,4
72,4,4
72,5,4
72,6,1
72,7,4
72,8,5
72,9,5
72,10,3
72,11,5
72,14,3
72,15,2
72,16,2
72,17,4
72,18,3
72,19,5
72,20,5
72,21,4
72,22,2
72,23,1
72,24,2
72,26,4
72,27,5
72,28,1
72,30,3
72,31,2
72,33,2
72,34,2
72,36,4
72,37,3
72,38,2
72,39,4
72,40,5
72,41,5
72,42,2
72,43,1
72,45,5
72,46,3
72,47,4
72,48,4
72,49,2
72,50,4
72,51,4
72,52,3
72,53,3
72,55,5
72,56,2
72,57,5
72,58,3
72,59,5
72,60,2
72,62,1
72,63,5
72,64,3
72,66,3
72,68,4
72,69,4
72,72,1
72,75,4
72,76,5
72,77,3
72,78,5
72,79,3
72,80,3
72,81,2
72,82,3
72,83,1
72,84,3
72,85,5
72,86,4
72,87,5
72,88,3
72,89,3
72,90,1
72,92,4
72,93,3
72,95,2
72,96,5
72,97,4
72,98,2
72,99,3
72,100,4
73,1,5
73,2,4
73,3,4
73,4,3
73,7,3
73,8,2
73,9,5
73,10,5
73,11,2
73,12,1
73,13,4
73,14,3
73,15,2
73,16,4
73,17,5
73,18,1
73,21,4
73,24,5
73,25,2
73,26,4
73,27,4
73,28,4
73,29,2
73,31,3
73,32,5
73,34,5
73,36,3
73,39,3
73,40,2
73,41,5
73,43,1
73,44,4
73,45,3
73,46,3
73,47,4
73,48,2
73,49,5
73,50,4
73,51,4
73,52,2
73,54,2
73,55,3
73,56,2
73,57,3
73,58,5
73,59,3
73,60,1
73,61,4
73,63,2
73,64,1
73,65,1
73,68,5
73,70,4
73,72,5
73,73,5
73,76,3
73,77,4
73,78,4
73,79,4
73,80,3
73,81,5
73,83,3
73,84,2
73,85,3
73,86,4
73,87,4
73,88,4
73,89,5
73,92,2
73,93,5
73,94,3
73,95,2
73,96,4
73,97,1
73,98,3
73,99,3
73,100,3
74,1,4
74,2,4
74,3,2
74,4,1
74,5,2
74,6,2
74,7,4
74,8,4
74,9,5
74,10,1
74,11,4
74,12,3
74,14,5
74,15,4
74,16,3
74,17,5
74,19,3
74,20,3
74,21,1
74,23,5
74,25,5
74,26,1
74,27,4
74,28,2
74,30,2
74,32,5
74,33,2
74,34,1
74,37,4
74,38,5
74,40,1
74,41,4
74,42,3
74,43,4
74,45,3
74,46,1
74,47,2
74,48,3
74,50,2
74,51,4
74,52,3
74,53,2
74,54,5
74,55,5
74,56,3
74,57,5
74,58,5
74,60,5
74,63,4
74,66,4
74,67,3
74,68,3
74,69,5
74,70,3
74,71,4
74,72,4
74,75,1
74,76,3
74,79,4
74,80,4
74,81,5
74,82,4
74,84,5
74,85,4
74,86,2
74,87,3
74,88,4
74,89,3
74,91,3
74,92,4
74,93,5
74,94,4
74,97,4
74,98,4
74,99,3
74,100,4
75,1,3
75,2,3
75,3,4
75,4,4
75,5,2
75,6,4
75,7,1
75,8,5
75,9,3
75,10,3
75,11,3
75,12,2
75,13,4
75,14,2
75,17,2
75,18,3
75,20,5
75,21,1
75,22,4
75,23,1
75,25,4
75,27,3
75,30,4
75,32,4
75,33,4
75,34,5
75,35,4
75,37,2
75,38,3
75,39,5
75,40,3
75,41,5
75,43,4
75,46,5
75,47,2
75,48,3
75,49,2
75,50,1
75,51,4
75,52,4
75,53,5
75,54,1
75,55,4
75,56,3
75,57,1
75,58,3
75,59,4
75,60,5
75,62,2
75,64,3
75,65,3
75,67,2
75,68,4
75,69,3
75,70,5
75,71,4
75,72,4
75,73,1
75,75,4
75,76,4
75,77,4
75,79,2
75,80,3
75,81,4
75,82,3
75,83,4
75,84,3
75,86,1
75,88,4
75,89,5
75,90,4
75,91,4
75,92,2
75,94,2
75,95,5
75,96,2
75,97,2
75,98,5
75,99,5
75,100,5
76,1,3
76,3,4
76,4,5
76,5,3
76,7,4
76,8,5
76,10,4
76,12,3
76,13,4
76,15,3
76,16,4
76,17,5
76,19,5
76,20,3
76,21,5
76,22,1
76,23,1
76,24,3
76,27,1
76,28,4
76,29,2
76,31,5
76,32,4
76,33,4
76,35,4
76,36,3
76,37,4
76,38,4
76,39,2
76,40,2
76,43,4
76,44,3
76,45,5
76,46,2
76,47,3
76,48,3
76,49,3
76,50,3
76,51,2
76,54,5
76,55,4
76,57,2
76,58,2
76,59,4
76,61,3
76,62,3
76,64,3
76,66,4
76,67,4
76,70,3
76,71,3
76,72,3
76,73,1
76,74,3
76,75,2
76,77,4
76,78,4
76,79,5
76,80,4
76,81,3
76,83,4
76,84,4
76,85,3
76,86,2
76,87,3
76,90,3
76,91,2
76,92,2
76,93,3
76,94,4
76,95,4
76,96,2
76,97,3
76,98,4
76,100,2
77,1,3
77,2,3
77,3,5
77,4,4
77,5,4
77,6,4
77,7,2
77,8,3
77,9,2
77,11,2
77,12,3
77,13,2
77,17,2
77,20,4
77,21,2
77,22,5
77,23,4
77,24,3
77,26,5
77,27,3
77,28,3
77,29,3
77,31,3
77,32,2
77,33,3
77,34,5
77,35,3
77,36,3
77,37,5
77,38,3
77,39,3
77,40,3
77,41,4
77,43,1
77,44,2
77,45,1
77,46,3
77,47,4
77,48,3
77,49,1
77,50,2
77,52,3
77,53,5
77,56,3
77,58,5
77,59,2
77,60,3
77,63,1
77,66,5
77,67,4
77,68,2
77,69,5
77,71,4
77,72,5
77,76,4
77,77,5
77,82,2
77,85,1
77,86,5
77,87,3
77,89,4
77,91,3
77,92,5
77,93,3
77,94,4
77,95,4
77,96,4
77,97,3
77,98,4
77,99,4
77,100,5
78,1,4
78,2,5
78,3,2
78,4,4
78,5,5
78,6,5
78,7,4
78,8,3
78,9,3
78,10,4
78,11,2
78,12,2
78,13,3
78,14,3
78,16,3
78,19,1
78,21,5
78,22,3
78,23,1
78,24,1
78,25,4
78,26,4
78,29,4
78,30,1
78,31,3
78,32,2
78,33,4
78,36,5
78,37,2
78,38,4
78,39,3
78,40,4
78,41,5
78,44,4
78,45,3
78,46,5
78,47,3
78,48,3
78,49,2
78,50,4
78,51,1
78,52,4
78,54,5
78,55,3
78,56,4
78,58,3
78,59,4
78,60,3
78,61,3
78,62,3
78,63,3
78,64,4
78,66,5
78,67,4
78,68,3
78,69,4
78,70,2
78,72,3
78,73,3
78,77,1
78,80,2
78,82,3
78,83,5
78,84,4
78,85,3
78,87,3
78,88,2
78,89,4
78,90,4
78,92,4
78,93,3
78,95,5
78,96,3
78,97,5
78,98,5
78,99,4
79,1,4
79,2,3
79,3,4
79,4,3
79,5,2
79,6,2
79,8,3
79,9,4
79,10,4
79,11,2
79,12,3
79,13,3
79,14,4
79,16,2
79,17,5
79,19,4
79,20,5
79,21,4
79,23,5
79,24,4
79,25,5
79,27,3
79,28,2
79,29,3
79,30,5
79,31,2
79,32,4
79,33,3
79,34,4
79,35,3
79,36,2
79,38,1
79,41,4
79,42,4
79,43,4
79,45,5
79,47,4
79,49,4
79,50,4
79,51,1
79,52,3
79,53,3
79,54,4
79,56,1
79,57,3
79,58,2
79,59,2
79,60,3
79,61,3
79,62,5
79,63,2
79,64,5
79,65,2
79,66,5
79,67,5
79,68,5
79,69,3
79,70,5
79,71,2
79,73,4
79,74,5
79,75,3
79,76,3
79,77,5
79,79,5
79,80,3
79,81,3
79,82,4
79,85,3
79,86,4
79,87,5
79,88,5
79,89,4
79,90,3
79,91,2
79,92,5
79,94,5
79,95,4
79,96,3
79,97,3
79,99,3
79,100,3
80,1,5
80,5,5
80,7,5
80,8,4
80,10,3
80,11,2
80,12,1
80,13,4
80,17,4
80,18,3
80,19,5
80,21,3
80,22,5
80,23,4
80,24,5
80,25,3
80,26,3
80,27,4
80,28,4
80,30,5
80,31,4
80,32,4
80,34,2
80,35,5
80,36,4
80,37,3
80,39,3
80,40,2
80,41,5
80,42,5
80,43,5
80,44,3
80,45,3
80,46,5
80,47,3
80,49,5
80,51,4
80,52,1
80,54,4
80,55,1
80,56,5
80,57,5
80,58,3
80,60,3
80,62,3
80,64,4
80,65,4
80,66,5
80,67,4
80,68,2
80,69,3
80,70,4
80,71,4
80,72,3
80,73,5
80,74,3
80,75,3
80,77,3
80,82,3
80,83,2
80,85,5
80,87,3
80,89,5
80,90,2
80,91,5
80,93,3
80,95,4
80,97,3
80,98,2
80,99,3
80,100,4
81,1,3
81,4,5
81,5,4
81,7,5
81,8,3
81,10,1
81,12,4
81,13,3
81,14,2
81,15,4
81,16,3
81,17,1
81,18,3
81,19,5
81,20,4
81,21,2
81,23,3
81,24,5
81,25,4
81,26,4
81,28,5
81,38,4
81,39,1
81,40,4
81,42,4
81,43,4
81,44,3
81,45,2
81,46,3
81,47,3
81,48,3
81,50,1
81,51,5
81,52,5
81,53,2
81,54,1
81,55,5
81,56,5
81,57,3
81,58,5
81,59,5
81,60,2
81,61,3
81,62,2
81,63,4
81,64,3
81,65,4
81,70,4
81,72,1
81,74,3
81,77,5
81,79,4
81,81,2
81,82,5
81,83,5
81,84,3
81,85,4
81,88,3
81,89,2
81,90,4
81,91,5
81,92,5
81,93,3
81,94,3
81,95,3
81,96,4
81,97,1
81,98,4
81,99,3
82,1,4
82,2,3
82,3,4
82,4,5
82,6,5
82,7,4
82,9,5
82,10,4
82,11,5
82,12,3
82,13,4
82,14,3
82,16,3
82,18,3
82,20,2
82,21,2
82,22,3
82,23,2
82,25,4
82,26,5
82,27,4
82,28,5
82,29,4
82,30,5
82,32,4
82,33,3
82,34,4
82,35,3
82,38,5
82,39,4
82,41,5
82,42,2
82,43,5
82,44,4
82,45,4
82,48,4
82,49,3
82,50,1
82,51,3
82,52,3
82,53,1
82,56,4
82,57,5
82,58,5
82,59,1
82,60,3
82,61,3
82,63,3
82,64,5
82,65,4
82,66,2
82,67,3
82,68,3
82,69,5
82,70,5
82,71,3
82,72,4
82,73,2
82,74,4
82,75,4
82,77,4
82,78,1
82,80,5
82,81,2
82,83,5
82,84,2
82,85,4
82,86,3
82,87,3
82,88,3
82,89,3
82,90,3
82,91,4
82,92,4
82,93,4
82,95,4
82,96,4
82,98,4
82,99,4
82,100,3
83,1,5
83,2,3
83,3,4
83,4,4
83,7,3
83,9,4
83,10,2
83,11,5
83,13,2
83,15,4
83,16,3
83,17,2
83,18,4
83,19,4
83,22,4
83,23,4
83,25,2
83,26,3
83,29,3
83,30,5
83,31,5
83,32,3
83,33,5
83,34,3
83,37,4
83,38,3
83,39,5
83,40,3
83,42,4
83,44,4
83,45,4
83,46,4
83,47,4
83,48,5
83,49,3
83,50,3
83,51,5
83,52,4
83,53,3
83,54,5
83,57,3
83,60,4
83,61,4
83,62,4
83,63,1
83,64,3
83,65,4
83,67,2
83,68,2
83,69,2
83,70,5
83,71,3
83,74,3
83,75,4
83,76,4
83,77,5
83,78,1
83,79,3
83,80,5
83,84,3
83,85,4
83,86,3
83,88,3
83,91,5
83,92,2
83,93,4
83,94,3
83,96,1
83,97,3
83,98,3
83,100,4
84,1,5
84,3,3
84,4,4
84,5,1
84,6,3
84,7,3
84,9,3
84,11,3
84,12,3
84,14,2
84,15,5
84,16,3
84,17,5
84,18,5
84,19,3
84,20,3
84,21,5
84,22,4
84,24,1
84,25,3
84,27,4
84,28,4
84,29,3
84,30,4
84,31,3
84,32,3
84,33,3
84,35,5
84,36,5
84,37,2
84,38,3
84,39,1
84,40,4
84,42,4
84,43,3
84,44,3
84,46,4
84,47,4
84,49,5
84,50,5
84,51,4
84,52,3
84,53,1
84,54,3
84,55,4
84,56,2
84,57,4
84,58,4
84,59,4
84,60,3
84,61,2
84,62,4
84,63,5
84,64,1
84,65,2
84,66,4
84,67,4
84,68,3
84,69,2
84,70,3
84,72,5
84,73,3
84,74,5
84,75,2
84,76,4
84,77,3
84,79,5
84,81,3
84,82,3
84,83,5
84,84,3
84,85,3
84,86,3
84,88,4
84,89,5
84,90,3
84,91,5
84,92,3
84,93,3
84,94,4
84,95,4
84,98,2
84,100,4
85,1,5
85,2,4
85,3,5
85,5,2
85,6,3
85,8,3
85,9,4
85,11,2
85,12,3
85,14,1
85,15,5
85,16,3
85,17,1
85,18,5
85,19,3
85,21,5
85,24,5
85,26,3
85,27,4
85,28,5
85,29,4
85,30,4
85,31,1
85,33,4
85,35,4
85,36,3
85,37,1
85,38,4
85,39,4
85,40,2
85,41,3
85,43,4
85,46,4
85,48,4
85,49,5
85,50,3
85,51,1
85,54,4
85,55,3
85,56,2
85,57,3
85,59,3
85,60,3
85,61,4
85,62,4
85,63,5
85,64,4
85,65,2
85,67,3
85,68,5
85,69,3
85,70,4
85,72,3
85,73,3
85,74,4
85,75,5
85,76,4
85,77,5
85,78,4
85,79,3
85,80,5
85,81,5
85,82,3
85,83,1
85,84,5
85,85,2
85,86,4
85,87,3
85,88,2
85,89,5
85,91,4
85,93,4
85,94,3
85,95,3
85,97,3
85,98,3
85,99,3
85,100,4
86,1,2
86,2,3
86,4,2
86,6,1
86,7,4
86,8,3
86,9,4
86,10,5
86,13,1
86,14,2
86,15,2
86,16,4
86,17,4
86,18,5
86,19,1
86,20,2
86,21,4
86,22,1
86,23,2
86,24,3
86,25,2
86,26,5
86,28,2
86,29,3
86,30,4
86,32,4
86,33,4
86,34,3
86,36,2
86,37,4
86,38,4
86,40,4
86,41,4
86,43,4
86,44,4
86,45,1
86,46,3
86,48,2
86,49,4
86,50,2
86,51,3
86,53,3
86,54,3
86,55,4
86,56,2
86,58,2
86,59,2
86,61,5
86,64,4
86,65,1
86,66,3
86,67,1
86,69,5
86,71,4
86,72,3
86,73,3
86,74,5
86,76,4
86,77,5
86,80,3
86,82,4
86,83,5
86,84,5
86,85,2
86,88,5
86,89,2
86,90,2
86,91,5
86,93,5
86,94,5
86,95,5
86,96,4
86,97,5
86,98,5
86,99,4
86,100,2
87,1,1
87,2,3
87,4,1
87,5,2
87,6,5
87,7,4
87,9,3
87,11,4
87,12,4
87,13,5
87,14,4
87,15,5
87,16,4
87,18,5
87,20,4
87,21,3
87,22,2
87,24,4
87,25,4
87,26,3
87,27,3
87,28,2
87,29,4
87,30,4
87,31,4
87,32,4
87,33,2
87,34,1
87,35,2
87,38,3
87,40,1
87,42,2
87,44,4
87,45,3
87,46,4
87,48,4
87,49,3
87,50,3
87,52,1
87,55,5
87,56,1
87,57,3
87,58,2
87,60,3
87,61,5
87,62,5
87,63,3
87,65,5
87,66,3
87,67,5
87,68,4
87,69,4
87,71,4
87,72,4
87,73,4
87,74,5
87,75,3
87,76,4
87,77,4
87,78,3
87,79,5
87,80,4
87,82,5
87,84,1
87,86,4
87,88,2
87,89,3
87,90,4
87,91,3
87,92,1
87,95,5
87,97,3
87,98,3
87,100,3
88,1,3
88,2,5
88,3,4
88,4,3
88,5,3
88,6,4
88,7,5
88,8,4
88,9,5
88,10,4
88,11,5
88,12,4
88,13,3
88,14,3
88,16,4
88,17,5
88,18,4
88,19,2
88,20,4
88,21,2
88,22,5
88,23,3
88,24,5
88,25,4
88,26,3
88,27,4
88,28,1
88,29,3
88,31,5
88,32,2
88,35,2
88,36,3
88,38,3
88,39,3
88,40,4
88,41,3
88,42,3
88,43,5
88,44,3
88,45,2
88,46,2
88,47,3
88,50,4
88,51,3
88,53,3
88,54,4
88,55,2
88,56,4
88,57,4
88,58,4
88,59,4
88,60,1
88,61,2
88,62,4
88,64,2
88,65,5
88,67,3
88,68,3
88,69,4
88,70,2
88,71,4
88,72,3
88,73,3
88,74,4
88,77,4
88,79,5
88,81,5
88,82,3
88,83,2
88,85,3
88,86,3
88,88,5
88,89,3
88,90,5
88,91,2
88,92,5
88,94,3
88,95,2
88,96,3
88,100,5
89,1,5
89,2,4
89,3,4
89,4,5
89,5,3
89,7,4
89,8,3
89,9,3
89,10,3
89,11,2
89,12,4
89,14,5
89,15,4
89,16,3
89,17,4
89,18,2
89,19,2
89,20,3
89,21,4
89,22,4
89,23,5
89,25,4
89,26,4
89,27,3
89,28,3
89,29,4
89,30,4
89,32,4
89,34,5
89,36,2
89,37,4
89,38,2
89,39,4
89,40,5
89,43,4
89,44,2
89,45,1
89,47,3
89,48,3
89,49,4
89,50,5
89,51,2
89,53,3
89,56,5
89,57,5
89,58,4
89,60,4
89,61,4
89,62,3
89,63,2
89,64,4
89,65,5
89,66,4
89,67,5
89,68,3
89,69,3
89,71,4
89,72,3
89,73,3
89,75,2
89,76,5
89,79,3
89,82,3
89,86,3
89,87,3
89,88,3
89,90,3
89,91,2
89,92,3
89,93,2
89,95,4
89,97,2
89,98,1
89,99,4
90,1,5
90,2,4
90,3,4
90,4,4
90,5,2
90,7,4
90,8,4
90,9,4
90,10,5
90,11,5
90,12,3
90,13,3
90,14,1
90,16,3
90,19,2
90,20,3
90,21,3
90,22,3
90,23,3
90,24,4
90,27,5
90,28,5
90,29,4
90,30,4
90,31,3
90,32,2
90,33,4
90,34,4
90,36,5
90,39,1
90,40,5
90,41,2
90,42,3
90,44,4
90,46,3
90,47,1
90,48,4
90,50,2
90,51,3
90,52,5
90,54,3
90,55,1
90,58,3
90,59,2
90,61,2
90,62,3
90,63,5
90,65,5
90,66,2
90,68,3
90,69,4
90,70,4
90,71,3
90,72,3
90,73,3
90,74,4
90,75,4
90,76,4
90,77,5
90,79,4
90,82,4
90,83,3
90,85,5
90,87,4
90,90,5
90,91,1
90,92,3
90,93,3
90,96,3
90,97,5
90,98,2
90,99,4
90,100,3
91,1,1
91,2,4
91,3,4
91,4,2
91,5,1
91,8,4
91,9,4
91,10,5
91,11,4
91,13,3
91,14,1
91,15,3
91,16,3
91,17,4
91,19,3
91,20,5
91,25,3
91,26,5
91,27,4
91,28,3
91,30,5
91,31,1
91,32,4
91,33,3
91,34,5
91,35,2
91,37,4
91,38,4
91,39,4
91,41,4
91,42,1
91,44,2
91,45,5
91,46,3
91,48,2
91,49,2
91,50,4
91,51,3
91,52,1
91,53,4
91,54,4
91,55,3
91,56,2
91,57,4
91,58,5
91,59,3
91,61,2
91,62,4
91,63,4
91,64,2
91,65,3
91,66,4
91,67,1
91,68,3
91,69,4
91,70,3
91,71,5
91,73,3
91,74,2
91,75,5
91,76,1
91,78,3
91,79,3
91,80,3
91,81,3
91,82,3
91,83,3
91,85,5
91,86,1
91,87,3
91,88,1
91,89,4
91,90,1
91,91,3
91,94,4
91,95,3
91,96,2
91,97,4
91,98,3
91,99,4
91,100,4
92,2,5
92,3,5
92,4,4
92,5,5
92,6,4
92,9,3
92,10,2
92,14,3
92,15,2
92,16,2
92,20,5
92,22,4
92,23,2
92,24,4
92,25,5
92,26,4
92,27,3
92,29,5
92,30,2
92,32,3
92,33,3
92,36,4
92,37,3
92,39,4
92,41,3
92,43,4
92,44,5
92,46,3
92,47,4
92,48,3
92,49,3
92,50,2
92,51,3
92,53,4
92,54,5
92,55,4
92,58,5
92,60,2
92,61,2
92,62,3
92,63,4
92,65,4
92,67,5
92,68,5
92,69,4
92,70,3
92,71,4
92,72,5
92,75,2
92,76,5
92,77,4
92,78,3
92,79,4
92,80,4
92,81,5
92,83,3
92,85,5
92,86,5
92,88,2
92,89,4
92,90,4
92,91,3
92,92,4
92,93,4
92,94,4
92,95,3
92,98,5
92,99,3
92,100,3
93,1,4
93,3,2
93,5,4
93,6,1
93,7,3
93,8,3
93,9,3
93,10,2
93,11,5
93,12,1
93,14,4
93,15,4
93,16,3
93,17,4
93,18,4
93,19,2
93,20,2
93,24,5
93,25,3
93,26,4
93,27,5
93,28,3
93,29,4
93,30,5
93,31,5
93,34,3
93,37,3
93,38,3
93,39,2
93,41,4
93,42,4
93,43,3
93,45,1
93,46,3
93,47,5
93,48,2
93,49,5
93,50,5
93,51,5
93,52,4
93,53,2
93,54,4
93,55,1
93,56,5
93,57,4
93,58,4
93,60,4
93,61,4
93,63,5
93,65,3
93,67,3
93,68,4
93,70,4
93,71,4
93,72,3
93,73,4
93,74,5
93,75,5
93,76,4
93,77,1
93,78,4
93,79,3
93,80,5
93,82,4
93,83,5
93,84,5
93,85,3
93,86,3
93,87,4
93,88,5
93,89,4
93,90,1
93,91,4
93,92,3
93,93,2
93,94,5
93,96,3
93,97,3
93,98,4
93,99,4
94,1,4
94,3,5
94,5,1
94,6,4
94,7,4
94,10,3
94,11,3
94,12,5
94,13,5
94,16,2
94,17,3
94,18,2
94,19,4
94,20,4
94,22,1
94,24,4
94,25,3
94,26,4
94,27,5
94,28,3
94,29,4
94,30,3
94,31,5
94,33,3
94,34,4
94,36,4
94,38,1
94,39,5
94,41,1
94,42,4
94,44,2
94,45,4
94,46,3
94,48,3
94,49,3
94,50,3
94,55,4
94,56,5
94,58,4
94,60,2
94,61,4
94,62,1
94,63,4
94,65,3
94,66,5
94,67,2
94,68,3
94,70,2
94,71,5
94,72,4
94,76,4
94,77,2
94,79,3
94,80,2
94,81,5
94,84,4
94,85,5
94,87,4
94,88,4
94,89,1
94,90,4
94,91,4
94,92,2
94,93,5
94,94,4
94,97,5
94,98,5
95,1,3
95,2,4
95,3,3
95,4,3
95,8,3
95,10,4
95,11,3
95,13,5
95,15,2
95,16,3
95,17,4
95,18,4
95,19,2
95,21,2
95,24,5
95,25,3
95,26,4
95,27,3
95,28,2
95,29,3
95,30,5
95,31,2
95,33,4
95,34,1
95,35,2
95,36,3
95,37,3
95,38,2
95,39,4
95,41,3
95,42,1
95,43,4
95,45,4
95,46,3
95,47,4
95,49,5
95,50,3
95,51,5
95,52,4
95,53,3
95,54,2
95,55,3
95,56,5
95,57,4
95,58,3
95,59,2
95,60,3
95,61,4
95,62,4
95,63,2
95,65,4
95,66,5
95,67,1
95,68,4
95,69,5
95,70,1
95,74,3
95,75,2
95,77,5
95,79,3
95,80,4
95,81,4
95,83,3
95,84,5
95,86,3
95,87,3
95,88,3
95,89,3
95,90,4
95,91,4
95,92,4
95,94,3
95,97,5
95,98,3
95,99,3
96,1,3
96,2,4
96,4,4
96,5,1
96,6,3
96,8,5
96,9,4
96,11,4
96,12,5
96,13,1
96,14,3
96,15,4
96,16,3
96,19,1
96,21,2
96,22,4
96,23,3
96,24,1
96,25,4
96,26,3
96,28,3
96,29,5
96,30,3
96,31,4
96,34,4
96,36,4
96,38,3
96,39,5
96,40,4
96,41,4
96,43,1
96,44,5
96,46,4
96,47,4
96,48,4
96,49,1
96,50,2
96,53,5
96,54,3
96,56,5
96,57,4
96,58,4
96,59,4
96,60,4
96,61,3
96,62,2
96,64,2
96,65,3
96,66,5
96,69,5
96,71,4
96,72,4
96,77,5
96,79,4
96,81,3
96,82,5
96,84,4
96,85,2
96,86,4
96,88,4
96,89,3
96,90,3
96,91,2
96,92,4
96,93,4
96,94,4
96,95,1
96,96,3
96,98,5
96,99,2
96,100,1
97,1,4
97,3,5
97,4,4
97,5,1
97,7,5
97,8,3
97,9,3
97,10,3
97,11,4
97,15,5
97,16,3
97,17,3
97,18,4
97,19,4
97,21,4
97,22,4
97,23,4
97,24,3
97,25,3
97,26,4
97,27,3
97,28,2
97,32,3
97,33,4
97,34,1
97,35,3
97,36,3
97,39,3
97,40,2
97,41,1
97,42,3
97,43,5
97,44,4
97,45,5
97,46,2
97,47,4
97,48,4
97,49,4
97,50,2
97,51,4
97,54,3
97,57,1
97,58,4
97,60,5
97,61,3
97,63,3
97,64,4
97,65,2
97,66,1
97,67,2
97,69,3
97,70,4
97,71,2
97,73,3
97,74,3
97,75,4
97,76,4
97,77,3
97,78,5
97,79,3
97,80,5
97,81,5
97,82,3
97,83,5
97,84,5
97,85,3
97,86,1
97,87,4
97,88,5
97,89,5
97,90,3
97,91,1
97,92,2
97,93,3
97,94,4
97,96,5
97,97,5
97,98,4
97,99,4
98,1,4
98,2,3
98,3,5
98,4,5
98,5,3
98,6,3
98,7,4
98,8,3
98,10,4
98,12,4
98,13,5
98,14,2
98,15,3
98,17,3
98,18,1
98,19,4
98,20,3
98,22,3
98,23,4
98,25,4
98,27,3
98,28,1
98,30,2
98,31,2
98,33,3
98,34,4
98,35,4
98,36,4
98,37,5
98,39,4
98,40,3
98,41,4
98,43,1
98,44,4
98,45,4
98,46,2
98,50,3
98,51,5
98,52,5
98,53,4
98,54,5
98,55,4
98,56,5
98,57,4
98,58,4
98,59,3
98,60,3
98,61,4
98,62,4
98,63,4
98,65,4
98,67,4
98,69,4
98,70,3
98,71,3
98,72,3
98,73,5
98,75,4
98,76,2
98,77,3
98,79,5
98,81,5
98,82,3
98,83,2
98,84,3
98,85,4
98,86,1
98,87,4
98,88,4
98,90,5
98,91,4
98,92,4
98,93,2
98,96,4
98,97,5
98,98,4
99,1,4
99,8,4
99,9,3
99,12,3
99,13,2
99,14,5
99,15,3
99,16,4
99,18,5
99,19,2
99,20,4
99,22,4
99,24,1
99,26,3
99,28,2
99,29,3
99,30,5
99,31,5
99,32,3
99,33,4
99,35,1
99,36,2
99,37,4
99,38,4
99,39,4
99,41,3
99,43,1
99,44,3
99,45,5
99,48,4
99,49,4
99,50,4
99,51,4
99,52,5
99,53,1
99,54,2
99,55,3
99,56,3
99,58,5
99,59,5
99,60,4
99,61,5
99,63,3
99,64,4
99,65,3
99,66,3
99,67,3
99,68,1
99,71,5
99,72,5
99,73,3
99,74,3
99,75,4
99,77,1
99,79,3
99,81,4
99,83,5
99,84,2
99,86,3
99,87,1
99,88,4
99,89,4
99,90,4
99,92,5
99,94,4
99,95,4
99,96,4
99,97,4
99,99,3
99,100,3
100,1,4
100,2,4
100,3,4
100,4,5
100,7,4
100,8,2
100,9,5
100,15,3
100,17,4
100,20,4
100,21,3
100,22,4
100,23,2
100,24,4
100,25,1
100,26,5
100,27,3
100,28,2
100,29,2
100,30,4
100,31,1
100,32,5
100,34,2
100,35,2
100,36,4
100,38,3
100,40,4
100,41,3
100,43,5
100,44,5
100,45,5
100,46,4
100,47,4
100,48,4
100,50,4
100,51,4
100,54,3
100,55,3
100,56,4
100,57,2
100,58,5
100,59,2
100,62,4
100,64,4
100,65,1
100,67,4
100,68,2
100,70,5
100,71,4
100,73,4
100,74,4
100,76,5
100,77,4
100,78,3
100,80,5
100,81,4
100,82,2
100,83,4
100,84,2
100,87,3
100,88,5
100,89,4
100,90,4
100,92,1
100,93,3
100,96,4
100,97,4
100,98,5
100,99,5
100,100,5
